,"Agriculture, Forestry and Fishing ;  Employed total ;","Agriculture, Forestry and Fishing ;  Employed total ;","Agriculture, Forestry and Fishing ;  Employed total ;",Mining ;  Employed total ;,Mining ;  Employed total ;,Mining ;  Employed total ;,Manufacturing ;  Employed total ;,Manufacturing ;  Employed total ;,Manufacturing ;  Employed total ;,"Electricity, Gas, Water and Waste Services ;  Employed total ;","Electricity, Gas, Water and Waste Services ;  Employed total ;","Electricity, Gas, Water and Waste Services ;  Employed total ;",Construction ;  Employed total ;,Construction ;  Employed total ;,Construction ;  Employed total ;,Wholesale Trade ;  Employed total ;,Wholesale Trade ;  Employed total ;,Wholesale Trade ;  Employed total ;,Retail Trade ;  Employed total ;,Retail Trade ;  Employed total ;,Retail Trade ;  Employed total ;,Accommodation and Food Services ;  Employed total ;,Accommodation and Food Services ;  Employed total ;,Accommodation and Food Services ;  Employed total ;,"Transport, Postal and Warehousing ;  Employed total ;","Transport, Postal and Warehousing ;  Employed total ;","Transport, Postal and Warehousing ;  Employed total ;",Information Media and Telecommunications ;  Employed total ;,Information Media and Telecommunications ;  Employed total ;,Information Media and Telecommunications ;  Employed total ;,Financial and Insurance Services ;  Employed total ;,Financial and Insurance Services ;  Employed total ;,Financial and Insurance Services ;  Employed total ;,"Rental, Hiring and Real Estate Services ;  Employed total ;","Rental, Hiring and Real Estate Services ;  Employed total ;","Rental, Hiring and Real Estate Services ;  Employed total ;","Professional, Scientific and Technical Services ;  Employed total ;","Professional, Scientific and Technical Services ;  Employed total ;","Professional, Scientific and Technical Services ;  Employed total ;",Administrative and Support Services ;  Employed total ;,Administrative and Support Services ;  Employed total ;,Administrative and Support Services ;  Employed total ;,Public Administration and Safety ;  Employed total ;,Public Administration and Safety ;  Employed total ;,Public Administration and Safety ;  Employed total ;,Education and Training ;  Employed total ;,Education and Training ;  Employed total ;,Education and Training ;  Employed total ;,Health Care and Social Assistance ;  Employed total ;,Health Care and Social Assistance ;  Employed total ;,Health Care and Social Assistance ;  Employed total ;,Arts and Recreation Services ;  Employed total ;,Arts and Recreation Services ;  Employed total ;,Arts and Recreation Services ;  Employed total ;,Other Services ;  Employed total ;,Other Services ;  Employed total ;,Other Services ;  Employed total ;,Employed total ;,Employed total ;,Employed total ;
Unit,000,000,000,000,000,000,000,000,000,000,000,000,000,000,000,000,000,000,000,000,000,000,000,000,000,000,000,000,000,000,000,000,000,000,000,000,000,000,000,000,000,000,000,000,000,000,000,000,000,000,000,000,000,000,000,000,000,000,000,000
Series Type,Trend,Seasonally Adjusted,Original,Trend,Seasonally Adjusted,Original,Trend,Seasonally Adjusted,Original,Trend,Seasonally Adjusted,Original,Trend,Seasonally Adjusted,Original,Trend,Seasonally Adjusted,Original,Trend,Seasonally Adjusted,Original,Trend,Seasonally Adjusted,Original,Trend,Seasonally Adjusted,Original,Trend,Seasonally Adjusted,Original,Trend,Seasonally Adjusted,Original,Trend,Seasonally Adjusted,Original,Trend,Seasonally Adjusted,Original,Trend,Seasonally Adjusted,Original,Trend,Seasonally Adjusted,Original,Trend,Seasonally Adjusted,Original,Trend,Seasonally Adjusted,Original,Trend,Seasonally Adjusted,Original,Trend,Seasonally Adjusted,Original,Trend,Seasonally Adjusted,Original
Data Type,STOCK,STOCK,STOCK,STOCK,STOCK,STOCK,STOCK,STOCK,STOCK,STOCK,STOCK,STOCK,STOCK,STOCK,STOCK,STOCK,STOCK,STOCK,STOCK,STOCK,STOCK,STOCK,STOCK,STOCK,STOCK,STOCK,STOCK,STOCK,STOCK,STOCK,STOCK,STOCK,STOCK,STOCK,STOCK,STOCK,STOCK,STOCK,STOCK,STOCK,STOCK,STOCK,STOCK,STOCK,STOCK,STOCK,STOCK,STOCK,STOCK,STOCK,STOCK,STOCK,STOCK,STOCK,STOCK,STOCK,STOCK,STOCK,STOCK,STOCK
Frequency,Quarter,Quarter,Quarter,Quarter,Quarter,Quarter,Quarter,Quarter,Quarter,Quarter,Quarter,Quarter,Quarter,Quarter,Quarter,Quarter,Quarter,Quarter,Quarter,Quarter,Quarter,Quarter,Quarter,Quarter,Quarter,Quarter,Quarter,Quarter,Quarter,Quarter,Quarter,Quarter,Quarter,Quarter,Quarter,Quarter,Quarter,Quarter,Quarter,Quarter,Quarter,Quarter,Quarter,Quarter,Quarter,Quarter,Quarter,Quarter,Quarter,Quarter,Quarter,Quarter,Quarter,Quarter,Quarter,Quarter,Quarter,Quarter,Quarter,Quarter
Collection Month,2,2,2,2,2,2,2,2,2,2,2,2,2,2,2,2,2,2,2,2,2,2,2,2,2,2,2,2,2,2,2,2,2,2,2,2,2,2,2,2,2,2,2,2,2,2,2,2,2,2,2,2,2,2,2,2,2,2,2,2
Series Start,Nov-1984,Nov-1984,Nov-1984,Nov-1984,Nov-1984,Nov-1984,Nov-1984,Nov-1984,Nov-1984,Nov-1984,Nov-1984,Nov-1984,Nov-1984,Nov-1984,Nov-1984,Nov-1984,Nov-1984,Nov-1984,Nov-1984,Nov-1984,Nov-1984,Nov-1984,Nov-1984,Nov-1984,Nov-1984,Nov-1984,Nov-1984,Nov-1984,Nov-1984,Nov-1984,Nov-1984,Nov-1984,Nov-1984,Nov-1984,Nov-1984,Nov-1984,Nov-1984,Nov-1984,Nov-1984,Nov-1984,Nov-1984,Nov-1984,Nov-1984,Nov-1984,Nov-1984,Nov-1984,Nov-1984,Nov-1984,Nov-1984,Nov-1984,Nov-1984,Nov-1984,Nov-1984,Nov-1984,Nov-1984,Nov-1984,Nov-1984,Nov-1984,Nov-1984,Nov-1984
Series End,Feb-2023,Feb-2023,Feb-2023,Feb-2023,Feb-2023,Feb-2023,Feb-2023,Feb-2023,Feb-2023,Feb-2023,Feb-2023,Feb-2023,Feb-2023,Feb-2023,Feb-2023,Feb-2023,Feb-2023,Feb-2023,Feb-2023,Feb-2023,Feb-2023,Feb-2023,Feb-2023,Feb-2023,Feb-2023,Feb-2023,Feb-2023,Feb-2023,Feb-2023,Feb-2023,Feb-2023,Feb-2023,Feb-2023,Feb-2023,Feb-2023,Feb-2023,Feb-2023,Feb-2023,Feb-2023,Feb-2023,Feb-2023,Feb-2023,Feb-2023,Feb-2023,Feb-2023,Feb-2023,Feb-2023,Feb-2023,Feb-2023,Feb-2023,Feb-2023,Feb-2023,Feb-2023,Feb-2023,Feb-2023,Feb-2023,Feb-2023,Feb-2023,Feb-2023,Feb-2023
No. Obs,154,154,154,154,154,154,154,154,154,154,154,154,154,154,154,154,154,154,154,154,154,154,154,154,154,154,154,154,154,154,154,154,154,154,154,154,154,154,154,154,154,154,154,154,154,154,154,154,154,154,154,154,154,154,154,154,154,154,154,154
Series ID,A84090276A,A84090238L,A84090257V,A84090277C,A84090239R,A84090258W,A84090278F,A84090240X,A84090259X,A84090274W,A84090236J,A84090255R,A84090284A,A84090246L,A84090265V,A84090285C,A84090247R,A84090266W,A84090281V,A84090243F,A84090262L,A84090267X,A84090229K,A84090248T,A84090270L,A84090232X,A84090251F,A84090275X,A84090237K,A84090256T,A84090271R,A84090233A,A84090252J,A84090282W,A84090244J,A84090263R,A84090272T,A84090234C,A84090253K,A84090279J,A84090241A,A84090260J,A84090280T,A84090242C,A84090261K,A84090269C,A84090231W,A84090250C,A84090273V,A84090235F,A84090254L,A84090268A,A84090230V,A84090249V,A84090283X,A84090245K,A84090264T,A84932417T,A84932381A,A84932399X
Nov-1984,401.3,403.1,410.7,93.3,94.8,94.1,1097.1,1096.2,1098.8,141.6,152.3,152.1,469.5,452.9,448.3,350.2,347.9,347.9,685.1,688.7,702.1,326.8,327.5,329.6,391.5,387.2,387.2,158.5,157.9,158.1,262.9,264.0,261.7,82.0,80.9,80.0,259.7,260.7,258.2,120.1,119.7,122.0,387.5,387.2,381.9,450.6,450.2,459.1,539.4,540.9,536.8,71.5,70.8,70.6,276.0,274.5,277.0,6554.2,6551.9,6576.1
Feb-1985,404.7,403.8,404.8,96.3,95.1,95.2,1088.8,1091.8,1095.4,143.3,138.2,142.2,475.9,474.6,478.0,351.9,356.1,355.8,694.3,690.1,685.4,327.8,327.9,324.9,399.7,402.4,401.2,161.0,160.6,160.1,268.3,265.8,266.1,86.5,86.9,87.0,264.8,262.6,264.4,121.7,121.8,121.7,388.4,389.3,386.9,452.9,454.4,431.3,535.6,539.4,541.0,73.7,74.3,73.2,280.2,282.1,280.9,6601.2,6616.8,6595.7
May-1985,411.2,391.3,394.5,100.4,95.0,92.9,1081.6,1079.6,1080.5,146.0,143.7,143.0,481.1,483.1,492.1,354.3,346.7,347.2,705.0,704.8,707.1,329.9,329.0,328.5,406.7,406.1,404.2,163.5,164.1,164.5,274.9,277.3,278.8,90.9,91.2,90.4,270.2,272.4,272.6,124.0,124.3,126.2,388.4,387.5,389.7,455.7,453.2,456.8,535.6,523.3,528.0,75.8,75.7,74.4,284.9,284.3,286.5,6664.0,6636.5,6657.9
Aug-1985,418.1,421.5,413.7,105.3,105.6,101.6,1078.4,1068.3,1057.2,149.7,151.3,148.0,483.4,485.2,476.7,356.1,357.6,355.6,716.5,720.4,697.6,333.9,326.0,319.5,409.3,412.8,417.2,165.2,165.9,165.8,283.4,278.7,282.9,93.9,93.7,94.2,276.4,274.9,273.5,126.7,125.2,125.1,388.8,390.7,389.0,458.7,459.5,465.3,543.3,540.7,536.4,77.3,77.4,72.9,290.5,288.4,283.2,6741.8,6730.8,6675.5
Nov-1985,423.5,425.9,433.6,108.8,109.7,108.8,1083.3,1082.5,1085.8,153.1,153.1,152.7,482.4,481.3,477.0,357.6,359.9,360.0,729.7,725.6,739.0,339.6,342.2,344.4,407.0,406.4,406.2,165.6,164.8,165.2,292.4,293.1,290.2,93.1,98.5,97.4,283.1,282.7,280.0,130.0,131.6,134.0,391.2,386.8,381.9,461.0,472.9,481.7,560.6,563.3,559.3,77.6,82.7,82.6,297.9,299.3,302.2,6828.0,6857.4,6881.9
Feb-1986,425.4,419.2,420.6,108.8,109.0,109.2,1089.3,1092.2,1095.0,154.3,154.3,158.7,483.1,464.8,468.4,357.9,354.6,354.1,741.7,741.6,737.1,345.1,345.7,342.5,408.4,405.2,404.6,165.9,166.0,165.5,299.1,302.0,302.5,89.4,89.1,89.4,288.8,290.8,292.8,132.9,131.7,131.5,394.4,398.2,395.4,462.9,462.3,438.8,574.1,575.8,576.9,77.6,77.2,76.0,305.1,304.5,303.0,6899.3,6886.7,6861.9
May-1986,424.8,430.3,434.0,105.9,106.1,103.7,1087.0,1090.7,1091.4,152.8,152.8,152.5,487.6,488.0,496.2,358.1,361.7,362.4,752.4,756.7,758.9,349.6,348.2,348.0,417.3,413.9,411.5,166.1,166.1,166.1,302.8,300.1,302.2,86.2,84.8,84.0,293.8,293.0,293.0,134.8,136.6,138.6,397.4,397.8,400.4,467.1,455.4,459.5,576.6,582.5,587.8,78.1,77.4,76.2,308.1,310.1,312.6,6944.9,6954.2,6979.0
Aug-1986,423.9,421.3,414.5,103.0,98.6,95.5,1077.3,1076.6,1070.2,149.6,150.4,147.2,494.4,502.0,498.4,361.6,356.7,359.6,759.6,755.7,740.2,352.7,354.5,351.6,427.1,432.4,436.2,165.6,170.2,170.2,303.2,305.1,307.1,86.1,85.5,85.1,298.9,291.2,286.9,136.8,134.2,133.0,400.2,397.3,393.2,474.9,474.8,481.8,576.2,566.9,567.5,79.7,80.5,77.9,307.4,307.3,302.4,6976.9,6954.1,6918.5
Nov-1986,421.2,420.4,427.7,102.6,100.8,99.7,1070.4,1065.7,1069.8,145.1,144.0,143.4,500.9,499.1,495.7,366.1,369.4,369.5,761.5,764.7,777.3,356.1,355.6,357.7,429.8,433.5,433.7,164.6,164.2,164.8,303.1,303.3,299.8,89.1,92.4,91.4,305.1,304.5,302.0,139.4,139.3,141.9,403.1,405.5,401.0,483.3,486.3,494.7,579.7,579.0,575.7,81.9,81.3,81.3,305.6,304.2,307.1,7007.4,7009.6,7034.2
Feb-1987,417.0,420.2,421.8,103.9,105.2,105.4,1073.5,1073.5,1074.8,140.3,141.1,144.8,505.0,506.1,510.5,370.6,371.1,370.3,761.4,762.2,758.7,361.2,359.6,356.4,423.3,417.6,417.4,164.2,163.3,163.1,306.6,304.4,305.1,92.7,86.5,86.9,310.6,312.9,314.8,142.3,143.8,143.4,408.7,407.7,404.0,489.1,487.7,462.9,588.9,593.4,593.4,83.9,84.6,83.2,306.4,307.1,305.5,7045.3,7049.5,7022.3
May-1987,412.7,410.9,415.1,104.6,105.9,103.5,1086.0,1087.0,1087.5,136.6,136.5,136.8,505.1,507.2,514.2,372.8,370.2,371.3,765.6,749.9,752.3,368.2,368.7,369.3,414.5,419.0,416.0,165.0,166.1,165.7,314.5,312.2,314.9,94.2,95.8,94.8,312.9,312.4,311.6,144.2,142.8,144.8,415.1,412.9,416.1,491.3,492.0,497.5,594.9,591.2,596.4,85.6,84.9,83.7,311.7,309.5,312.2,7087.7,7075.5,7103.5
Aug-1987,410.7,410.9,402.0,103.3,102.0,98.5,1099.9,1098.8,1089.1,134.8,133.2,130.4,502.5,502.2,492.9,372.1,377.9,376.0,776.0,773.4,749.7,376.5,378.0,369.5,412.2,404.6,408.6,166.5,165.5,165.4,324.6,328.9,333.5,93.4,94.5,94.8,313.0,313.9,313.1,144.7,146.6,147.2,419.8,428.8,426.3,491.3,492.0,497.8,591.1,603.4,599.4,86.8,87.3,82.0,320.1,321.5,316.0,7133.4,7153.3,7092.3
Nov-1987,413.2,398.9,406.2,100.5,101.4,100.0,1108.6,1113.4,1118.4,134.4,135.6,134.8,502.5,499.8,498.0,374.1,367.8,367.7,790.1,795.9,807.2,384.1,382.1,384.0,415.8,415.2,415.5,167.9,168.7,169.6,331.5,329.9,325.7,93.2,90.5,89.6,315.6,313.7,311.7,145.5,142.5,145.0,421.6,420.9,417.1,490.9,489.1,496.4,586.7,579.6,577.1,87.0,87.2,87.2,328.4,328.5,331.0,7188.8,7158.8,7182.2
Feb-1988,420.2,426.9,428.6,98.3,98.0,98.3,1113.3,1111.7,1111.6,133.4,141.8,144.9,508.8,509.3,514.2,379.5,379.6,378.5,801.6,800.0,797.8,390.7,397.1,393.6,418.0,428.2,428.2,168.5,168.8,168.9,332.2,334.3,334.4,96.1,95.4,96.0,323.1,321.1,322.6,147.4,148.0,147.4,418.8,417.6,412.9,489.8,490.6,466.2,591.1,585.8,584.6,86.4,86.3,84.9,334.6,335.4,333.7,7253.6,7275.9,7247.3
May-1988,427.3,423.4,428.4,97.0,96.1,93.9,1118.0,1115.0,1114.6,130.8,127.5,128.3,522.6,523.8,528.6,387.7,391.3,392.8,807.4,807.6,810.2,397.8,396.3,398.1,415.3,416.9,414.0,169.3,169.0,168.1,330.3,330.3,334.0,101.6,103.0,101.9,333.0,335.6,333.9,150.7,150.5,152.3,414.2,416.8,420.1,489.2,490.4,497.0,603.2,608.6,613.8,85.4,85.5,84.3,338.4,337.4,340.4,7325.4,7323.7,7354.8
Aug-1988,431.7,436.2,426.7,96.7,97.9,95.3,1125.9,1140.1,1135.6,128.6,127.1,124.7,541.9,538.2,534.0,397.1,394.1,397.7,813.2,814.4,798.7,403.9,403.7,398.6,411.2,406.0,409.1,171.0,169.7,169.7,332.1,327.6,329.9,106.9,107.7,107.0,340.8,341.5,338.1,154.4,154.4,154.4,409.7,403.1,399.1,488.8,486.9,493.7,618.6,621.2,623.1,85.2,85.3,82.4,340.2,340.5,335.6,7404.8,7389.3,7353.3
Nov-1988,432.5,429.7,438.5,97.7,97.0,95.3,1139.1,1138.0,1144.8,129.0,128.3,127.3,562.8,566.1,566.4,403.6,404.3,404.0,821.0,816.0,825.0,408.2,411.3,412.9,411.9,410.9,411.0,173.4,175.1,175.9,339.0,338.4,334.0,110.0,109.2,108.3,343.5,343.6,341.8,157.2,158.2,160.6,405.7,410.7,406.8,490.1,499.3,504.8,631.2,623.9,622.0,87.2,84.5,84.5,340.2,342.4,344.8,7490.9,7488.3,7508.6
Feb-1989,429.8,431.0,432.6,100.0,99.7,100.0,1154.3,1150.9,1149.4,130.7,131.4,133.6,582.4,582.5,588.2,408.4,411.7,409.8,831.5,846.5,845.1,412.2,409.3,406.1,418.7,423.3,423.5,175.5,175.4,176.1,346.4,351.3,350.3,113.3,114.1,114.8,344.6,345.2,345.8,159.3,158.4,157.7,404.0,401.1,396.7,495.1,493.4,469.7,639.3,644.4,641.7,91.3,91.0,89.5,340.4,337.6,336.0,7585.5,7595.6,7566.5
May-1989,424.4,426.4,431.4,103.6,103.3,100.9,1165.4,1172.9,1171.2,130.4,134.3,135.7,597.6,595.8,598.5,414.0,409.8,412.4,845.1,836.9,840.8,417.6,418.1,421.2,427.1,421.5,419.2,176.9,175.6,174.1,349.3,351.3,356.2,118.6,116.0,114.8,350.0,345.8,343.7,161.7,162.0,163.6,406.0,406.8,410.0,504.2,504.5,512.3,641.7,666.3,672.2,96.6,97.5,96.2,344.2,343.8,346.7,7679.2,7688.8,7720.8
Aug-1989,419.6,416.4,406.5,106.9,107.4,104.9,1167.0,1169.1,1165.1,126.4,126.4,124.6,606.6,608.9,604.7,420.2,419.0,422.9,858.1,863.1,847.1,426.9,426.0,419.6,431.3,435.7,438.6,177.1,179.8,179.7,350.0,346.1,348.9,124.7,126.7,125.8,360.2,360.3,357.7,164.1,163.4,164.3,411.4,411.0,406.6,516.1,515.6,522.9,637.9,631.6,633.8,100.4,99.5,96.3,350.6,349.9,345.2,7758.4,7752.2,7715.3
Nov-1989,419.4,420.7,430.3,107.6,108.7,106.6,1158.7,1156.3,1165.0,121.3,120.7,119.5,608.9,609.2,611.8,426.2,432.2,431.1,869.3,869.1,875.5,438.7,437.8,438.9,429.2,432.1,431.4,176.9,176.7,177.6,355.1,354.0,349.6,129.8,129.7,128.4,369.7,373.2,371.9,165.7,168.7,170.7,422.1,422.2,418.1,528.8,529.1,532.9,634.0,635.8,634.6,101.1,103.9,103.8,356.2,362.3,364.7,7819.4,7841.8,7862.4
Feb-1990,424.7,420.6,422.3,105.1,104.7,104.8,1148.0,1146.4,1143.9,118.0,116.9,118.3,604.5,614.4,619.9,429.3,426.1,423.8,875.4,872.2,871.9,446.8,449.2,446.1,425.3,421.4,422.3,177.2,166.8,168.0,364.5,364.1,361.6,131.0,130.6,131.4,372.6,382.8,381.7,166.9,165.2,164.5,436.6,433.3,429.5,537.7,538.4,513.6,637.8,635.4,631.5,98.5,97.0,95.4,357.6,354.1,352.4,7856.1,7832.7,7803.0
May-1990,433.0,438.9,443.0,101.2,101.4,99.1,1138.1,1136.8,1134.5,117.5,117.9,119.2,597.7,576.5,576.9,428.9,429.9,433.8,874.0,880.9,886.5,448.8,451.6,456.0,423.6,420.0,418.6,178.1,178.2,176.4,370.6,374.1,379.8,127.7,130.5,129.5,369.9,363.5,361.1,168.5,168.2,169.7,450.3,453.1,455.8,540.2,550.6,559.5,649.5,648.0,653.6,94.2,95.3,94.0,355.9,358.6,361.3,7863.3,7879.2,7908.5
Aug-1990,438.0,434.3,424.0,98.4,97.0,95.2,1125.7,1130.1,1125.5,117.6,117.8,116.8,591.1,590.1,587.4,428.8,428.0,431.6,867.7,861.5,846.1,446.9,442.7,435.2,425.5,431.5,433.2,179.2,180.9,180.4,367.0,368.2,371.6,123.1,119.3,118.3,368.2,366.4,365.1,170.8,174.6,176.0,456.5,459.8,454.7,538.8,536.9,545.1,661.6,663.8,667.0,91.0,89.9,87.0,354.0,352.3,347.8,7838.9,7844.7,7808.0
Nov-1990,437.2,442.3,453.7,96.6,97.2,95.1,1105.7,1104.1,1114.3,116.2,117.4,116.2,581.6,584.0,587.6,428.2,427.9,426.5,856.0,860.7,864.2,446.9,447.1,447.5,427.9,426.0,424.8,178.5,177.1,178.2,357.2,356.4,352.7,118.1,118.4,117.0,372.1,371.8,370.9,173.8,172.7,174.4,452.5,451.5,446.4,537.2,534.8,537.1,669.3,674.6,673.7,91.7,90.6,90.5,354.8,353.6,356.2,7787.6,7803.3,7826.9
Feb-1991,429.4,425.7,427.0,94.3,101.9,101.5,1080.0,1084.2,1081.3,114.2,113.5,114.2,566.3,568.3,572.6,425.2,440.6,437.6,844.6,842.9,842.9,451.8,451.3,449.1,428.4,425.6,427.4,176.1,177.2,179.0,349.3,345.3,342.1,113.9,116.6,117.4,379.2,378.9,376.4,176.5,176.5,176.0,445.0,444.3,442.5,537.2,540.8,516.5,673.7,662.0,656.8,94.3,95.0,93.4,356.7,356.7,355.0,7735.5,7735.9,7708.8
May-1991,417.5,420.8,423.4,90.7,90.1,88.4,1058.2,1051.9,1049.6,113.2,112.0,113.1,547.7,545.6,544.5,421.7,418.7,423.6,836.0,832.8,840.5,459.9,459.9,464.9,427.2,431.0,430.4,172.5,172.4,170.5,347.0,347.7,352.8,111.7,108.3,107.6,383.8,387.2,384.3,178.4,179.3,180.7,440.1,436.4,438.4,538.1,535.9,544.8,680.3,679.2,685.3,98.2,99.8,98.3,356.5,360.4,362.6,7676.9,7680.2,7703.7
Aug-1991,404.3,401.7,387.7,87.4,87.4,91.7,1046.8,1045.5,1040.3,114.4,115.6,115.2,531.4,515.2,509.5,418.0,418.2,417.5,831.3,836.9,826.1,467.1,467.3,464.2,423.0,422.3,421.6,170.0,170.0,168.8,345.2,347.7,349.2,111.6,111.5,112.8,385.3,385.2,392.3,179.9,180.3,177.7,439.1,444.0,448.0,539.4,540.7,554.1,689.0,691.8,691.7,102.0,98.3,101.5,355.2,353.9,350.9,7635.7,7642.2,7620.7
Nov-1991,393.0,393.4,403.6,86.4,84.6,82.4,1044.8,1048.4,1058.9,117.5,115.8,114.6,520.9,523.1,526.5,413.9,416.1,414.4,833.5,826.5,828.8,471.4,473.2,473.0,414.9,415.2,414.0,169.1,166.8,168.2,339.3,341.0,338.4,112.6,114.6,113.2,388.5,383.7,382.9,181.4,179.2,180.7,439.5,435.6,430.7,542.8,531.7,533.5,694.4,695.9,695.9,104.3,107.0,106.8,356.7,346.1,348.5,7618.8,7588.3,7614.9
Feb-1992,384.7,385.8,387.6,87.4,89.4,88.5,1045.9,1044.1,1041.5,120.0,121.1,121.3,516.7,515.0,518.2,411.2,409.4,406.7,839.6,842.0,842.4,473.2,471.7,470.0,406.5,404.5,407.2,169.2,172.3,174.1,332.5,328.8,325.2,112.6,113.4,114.1,394.6,395.4,391.3,183.6,185.5,185.4,438.5,442.4,442.8,549.2,549.6,525.1,693.5,692.5,686.4,104.4,104.8,103.2,364.3,367.8,366.2,7619.3,7623.2,7597.2
May-1992,381.1,378.4,378.9,88.2,87.5,86.5,1045.9,1048.1,1045.4,119.9,122.6,123.5,517.0,516.2,514.8,407.3,405.5,410.9,844.5,847.3,856.0,472.4,471.7,476.7,399.0,400.7,401.3,169.1,167.5,166.0,328.6,327.2,331.6,112.6,107.4,106.9,400.3,403.0,400.0,186.2,184.9,186.2,439.2,438.2,438.9,554.3,554.4,563.4,692.0,668.8,674.2,101.2,99.8,98.2,371.6,369.7,371.9,7618.5,7613.0,7631.4
Aug-1992,382.2,383.8,377.0,87.4,88.5,87.3,1044.4,1041.7,1036.5,116.9,116.7,117.2,520.1,523.1,523.4,402.7,413.0,415.6,846.3,847.7,830.7,470.0,473.8,465.3,392.5,393.3,390.8,167.1,167.4,165.4,326.8,331.9,335.0,114.8,114.3,113.3,396.7,396.5,398.1,187.3,187.9,189.6,446.5,441.2,434.2,556.5,560.0,569.2,689.4,690.3,693.6,96.0,99.6,96.5,371.9,379.2,374.6,7601.5,7648.9,7613.4
Nov-1992,386.3,384.7,394.4,85.8,85.5,83.2,1042.0,1056.1,1067.0,112.8,105.9,105.1,526.1,524.4,527.5,400.5,393.6,391.8,847.8,840.7,843.3,467.7,461.7,461.4,388.8,381.3,380.5,164.2,165.9,167.9,322.7,321.4,319.6,118.3,121.0,119.5,382.1,388.0,386.6,186.7,187.7,188.9,458.3,461.2,456.2,557.2,553.3,555.4,683.2,689.0,690.3,92.9,90.0,89.9,368.2,356.3,358.8,7577.3,7558.5,7587.4
Feb-1993,390.2,394.7,397.5,85.7,82.9,81.6,1036.3,1034.1,1031.9,109.8,110.6,110.2,534.9,532.5,535.2,403.6,403.1,400.2,851.2,853.7,854.5,465.6,468.0,466.4,387.4,389.9,393.8,161.6,158.7,160.3,315.9,317.3,314.0,120.7,118.4,118.9,366.9,359.2,354.6,185.1,183.5,184.1,469.9,471.6,474.1,559.5,559.3,534.1,677.1,671.6,665.2,93.7,92.5,91.1,364.6,364.8,363.3,7569.4,7555.8,7531.0
May-1993,393.4,369.6,368.1,87.3,88.0,87.5,1030.7,1035.1,1031.8,108.1,108.4,109.0,544.3,547.2,545.8,413.2,414.7,421.3,854.0,859.6,868.5,465.0,466.4,471.0,388.9,389.5,390.7,159.9,165.9,164.7,312.2,309.4,313.3,119.6,121.9,121.7,360.7,357.8,355.8,183.3,184.7,185.5,473.4,461.4,460.8,564.5,565.4,574.4,677.5,674.3,679.3,97.6,103.5,101.7,363.1,367.4,369.7,7592.5,7601.9,7620.5
Aug-1993,394.0,395.0,390.3,89.2,89.5,88.1,1030.0,1021.6,1017.3,107.0,106.4,107.2,551.4,553.1,554.1,422.6,422.3,424.4,853.7,845.9,827.7,468.5,465.2,457.3,392.1,388.8,384.2,161.0,159.1,156.4,314.9,301.9,304.0,117.7,117.6,116.4,368.7,371.5,373.5,183.6,182.8,184.3,469.1,490.6,481.5,568.6,568.0,577.1,686.7,690.2,692.8,102.2,102.7,99.5,363.0,357.8,353.4,7642.6,7626.2,7589.4
Nov-1993,391.7,396.0,403.9,89.4,93.2,90.9,1039.0,1041.2,1051.3,106.0,106.6,106.1,553.8,551.5,554.4,425.7,429.4,426.9,854.5,857.7,861.5,476.3,475.9,475.8,395.6,398.1,397.4,164.3,164.8,167.5,320.3,326.1,324.5,116.9,113.4,112.0,384.4,381.5,380.1,187.2,186.3,187.7,464.4,460.3,456.7,568.4,571.7,575.0,699.6,697.9,700.6,105.2,104.8,104.9,360.2,365.8,367.8,7702.8,7714.2,7744.9
Feb-1994,389.6,380.7,385.3,88.2,87.2,85.4,1055.0,1053.4,1051.7,105.2,105.0,104.0,555.8,558.2,560.6,423.1,419.0,416.4,863.4,858.6,860.5,488.3,491.3,489.0,397.9,399.5,405.1,169.7,170.9,172.1,322.2,324.9,322.5,116.9,120.1,120.4,400.3,407.6,401.6,194.2,195.0,195.8,460.7,461.0,464.4,565.6,563.5,537.6,706.1,708.3,701.7,108.2,107.9,106.4,361.1,358.9,358.0,7770.4,7763.3,7738.6
May-1994,387.1,389.4,386.3,86.5,86.9,86.8,1070.1,1072.8,1068.3,104.4,104.0,104.5,561.9,557.3,556.4,415.7,435.0,442.5,878.7,879.1,886.5,501.1,483.6,488.0,399.9,398.5,399.7,177.6,174.4,174.0,318.6,318.4,322.3,116.9,116.8,116.8,415.2,406.9,405.2,204.3,203.8,204.4,458.0,462.9,460.8,563.1,563.2,571.9,705.1,709.1,713.7,112.2,112.0,109.9,368.0,357.8,359.9,7839.8,7838.8,7857.9
Aug-1994,386.4,389.3,384.5,85.2,85.7,84.5,1078.2,1080.0,1073.2,103.1,103.9,104.8,571.6,574.1,569.1,409.0,407.6,403.9,891.6,894.4,866.7,513.8,522.4,509.3,404.4,400.3,394.6,184.7,187.0,183.0,313.3,310.1,313.0,116.1,115.3,115.5,427.3,432.9,439.9,216.0,215.8,218.4,455.9,450.3,444.6,563.3,563.2,570.8,702.2,694.9,691.3,117.0,117.3,111.7,378.2,388.0,382.8,7912.1,7928.3,7861.7
Nov-1994,385.0,379.9,386.0,85.0,83.5,81.9,1079.7,1060.8,1070.0,100.5,100.7,100.7,583.6,583.0,586.0,409.3,403.3,400.6,895.7,899.5,905.6,526.6,526.9,527.7,411.2,415.0,414.6,189.2,190.6,194.2,310.8,313.5,312.0,117.0,116.1,114.4,439.6,438.6,436.6,228.0,227.5,229.8,455.1,458.2,456.0,567.1,566.8,571.6,704.3,703.1,706.5,120.8,120.6,120.8,386.2,386.6,388.3,7991.0,7969.2,8003.3
Feb-1995,381.5,388.0,393.3,85.3,85.8,83.5,1077.8,1080.4,1079.2,97.5,97.5,95.8,593.1,592.3,594.5,415.0,418.2,415.9,892.4,890.1,893.2,537.5,538.0,534.2,414.8,415.8,422.4,188.8,187.8,188.6,312.7,309.6,308.2,119.9,119.4,119.3,453.6,447.8,442.0,238.0,248.6,249.5,460.0,458.7,462.1,573.7,573.5,546.5,716.0,716.0,709.7,123.8,124.7,122.9,387.4,388.9,388.8,8070.6,8074.2,8049.9
May-1995,382.8,378.0,374.9,85.4,86.5,86.6,1074.4,1070.6,1064.3,95.5,94.2,94.9,597.6,602.6,601.8,423.1,426.0,433.5,891.4,887.8,892.4,543.8,543.6,548.7,413.8,414.1,414.7,186.2,187.7,188.0,315.2,316.5,320.6,121.5,125.0,125.6,467.9,478.3,476.4,244.2,243.9,244.2,470.2,466.8,463.9,582.9,582.3,591.3,730.0,730.0,734.6,125.6,123.7,121.1,390.4,386.1,387.8,8149.3,8146.7,8165.2
Aug-1995,389.3,385.3,383.1,84.7,83.9,82.9,1069.2,1074.8,1074.4,95.1,95.3,96.5,599.5,592.0,592.5,424.5,420.2,421.1,899.2,900.9,880.5,543.1,544.4,536.6,413.2,410.3,404.3,186.9,183.0,179.0,316.0,319.1,318.5,119.0,118.2,117.8,481.2,478.0,480.2,246.4,246.5,247.7,480.6,484.0,475.6,592.7,603.2,611.6,738.6,745.0,745.8,126.1,128.1,125.1,400.7,397.0,392.7,8213.9,8206.3,8165.9
Nov-1995,397.5,405.4,409.2,84.2,80.7,79.6,1064.3,1059.9,1067.8,94.2,95.1,95.4,599.6,601.1,604.6,418.7,430.0,427.1,915.6,911.8,920.8,536.8,539.5,541.3,417.4,417.2,416.6,191.1,192.3,195.7,316.0,312.6,311.4,113.3,114.7,112.6,491.8,492.8,490.6,245.1,245.5,248.5,485.0,486.7,485.6,599.9,600.6,607.0,742.7,737.6,741.3,124.2,123.8,124.0,412.7,419.8,421.2,8254.4,8265.5,8300.3
Feb-1996,404.8,400.9,407.3,84.4,88.5,85.7,1061.9,1062.4,1061.7,90.8,95.3,92.7,599.1,600.7,602.2,413.1,403.6,401.8,930.3,933.3,937.7,531.3,526.4,521.6,424.8,425.8,432.4,196.6,207.8,208.0,315.7,316.0,315.4,109.1,107.1,106.6,499.6,497.5,492.0,241.6,242.4,242.8,480.6,482.5,485.3,602.4,603.6,575.1,746.5,745.9,740.4,121.5,122.2,120.6,418.4,417.1,417.2,8275.2,8271.0,8246.6
May-1996,404.6,405.6,402.9,85.3,85.6,85.6,1062.9,1064.4,1056.4,85.1,85.0,85.9,596.5,594.6,594.0,410.1,410.4,417.5,937.6,942.6,943.3,531.2,531.0,536.0,430.1,430.3,430.8,200.8,199.4,200.9,316.3,318.4,322.4,110.7,108.8,109.8,504.8,510.2,508.9,239.4,237.7,237.7,473.0,468.0,464.5,601.6,600.8,609.9,752.7,754.1,759.2,119.3,116.8,114.3,414.4,415.5,417.0,8280.8,8281.0,8297.1
Aug-1996,402.0,405.8,399.1,86.2,85.0,88.5,1068.8,1065.9,1067.5,80.2,79.4,80.6,590.3,604.9,600.2,410.4,415.2,412.0,935.6,929.7,914.9,538.0,540.2,537.5,431.0,433.4,427.5,202.6,203.2,198.4,317.8,315.9,312.9,116.5,117.5,119.3,507.9,503.3,511.6,239.9,238.5,235.4,469.4,470.9,472.9,599.6,592.3,604.6,758.2,757.4,753.4,119.6,122.9,126.8,406.2,405.5,402.7,8284.4,8293.7,8265.9
Nov-1996,401.2,392.9,395.1,86.0,87.9,87.2,1075.7,1076.6,1084.0,78.2,77.5,77.9,583.7,575.1,579.4,412.6,406.7,404.7,928.1,932.5,942.5,548.1,545.2,549.0,429.2,426.4,425.5,203.8,203.7,206.6,318.6,317.9,317.4,122.0,126.3,123.7,511.2,511.6,509.2,243.0,246.4,249.3,471.0,469.6,469.0,598.0,600.2,607.4,757.4,764.7,768.5,122.3,116.6,116.7,401.2,399.9,401.2,8292.1,8277.3,8314.4
Feb-1997,401.3,407.4,413.8,84.3,84.5,81.8,1082.5,1084.6,1083.4,78.8,79.0,76.0,577.1,578.0,578.0,410.1,414.9,413.5,920.7,918.1,924.4,557.2,567.1,560.5,428.3,428.9,434.3,204.1,203.1,203.2,318.8,321.7,321.8,123.6,123.5,122.8,517.6,520.0,515.8,247.6,244.6,244.8,472.8,473.8,475.9,595.9,595.2,566.9,756.2,753.8,749.5,126.1,127.6,126.2,400.1,398.8,398.9,8296.2,8317.0,8291.4
May-1997,404.3,403.4,401.8,82.0,80.7,80.5,1086.7,1083.7,1075.2,79.6,80.9,82.3,573.5,574.0,573.4,405.8,408.1,415.0,917.6,918.0,914.7,563.2,563.0,568.1,429.3,428.2,429.1,201.3,203.1,205.3,316.7,315.0,318.5,122.6,122.3,123.8,527.7,522.6,522.0,252.0,253.9,253.4,470.7,473.4,469.6,593.8,594.8,603.3,761.3,754.4,759.4,131.2,130.9,127.9,403.2,405.8,407.0,8310.8,8317.8,8330.2
Aug-1997,408.4,395.0,393.4,80.4,81.0,79.5,1086.6,1087.7,1087.2,79.3,78.8,80.3,577.5,568.5,564.6,403.9,397.1,391.5,921.4,917.7,891.8,563.2,565.5,550.6,430.8,432.6,429.5,195.3,196.3,192.1,311.7,313.5,312.9,123.2,122.4,123.1,539.0,542.8,545.9,257.5,257.9,262.7,464.9,459.8,455.2,593.5,591.2,598.3,773.2,778.0,770.1,135.6,134.0,127.5,408.6,398.1,394.1,8343.3,8314.3,8250.3
Nov-1997,411.9,427.4,427.7,80.7,80.6,80.4,1078.6,1081.6,1088.3,78.3,78.1,78.6,588.6,588.8,594.1,408.5,409.1,407.6,929.9,946.5,956.4,561.4,560.3,565.5,430.4,430.1,428.4,188.9,181.3,183.2,308.1,307.3,307.6,126.6,125.3,122.5,548.8,547.7,545.3,265.6,258.3,261.4,456.6,462.9,462.3,596.2,597.4,604.4,786.9,787.5,791.8,136.5,140.7,140.8,414.1,414.8,415.7,8390.4,8425.3,8462.1
Feb-1998,414.6,413.2,419.2,82.8,81.5,78.8,1065.3,1066.7,1064.8,78.0,77.9,74.3,602.3,604.9,602.7,418.6,419.0,418.4,938.8,941.9,949.8,563.4,558.6,552.1,429.3,429.9,433.8,185.6,184.4,184.3,309.5,306.0,306.9,130.8,132.5,131.5,553.9,557.0,554.0,274.5,276.6,276.2,450.8,448.9,450.3,600.3,600.0,571.4,795.0,794.1,790.8,133.5,131.5,130.3,415.3,423.4,423.4,8436.9,8436.5,8413.0
May-1998,412.0,413.8,412.8,85.6,86.3,85.8,1052.0,1040.4,1033.7,78.5,78.1,79.7,611.3,611.8,611.8,422.5,426.8,433.5,948.3,941.8,935.6,570.2,574.5,578.9,429.9,428.5,430.0,186.0,187.1,189.9,315.1,317.3,320.0,132.0,132.6,134.3,556.3,540.6,540.3,283.4,284.6,283.5,449.7,448.1,444.5,604.3,614.0,621.8,797.9,799.9,805.1,129.9,130.4,127.2,411.0,412.7,414.0,8473.0,8472.7,8482.5
Aug-1998,407.6,408.6,409.3,86.7,87.8,86.4,1041.4,1049.2,1051.5,78.4,81.7,83.5,613.2,614.7,616.9,417.7,419.2,417.1,958.4,961.8,945.2,578.6,576.8,567.2,434.5,423.2,421.1,186.9,187.6,183.4,321.1,321.1,317.8,129.0,130.2,130.1,558.2,558.4,554.9,290.0,284.9,289.7,453.4,455.3,449.2,609.2,607.2,617.0,800.4,797.4,793.9,129.0,125.8,122.7,405.8,401.2,398.2,8502.3,8487.8,8455.2
Nov-1998,408.2,402.6,402.8,84.6,85.1,86.0,1033.1,1031.7,1029.8,77.8,77.7,78.5,613.1,612.7,627.2,410.9,404.6,407.9,968.3,970.0,976.8,583.9,585.4,580.1,441.1,441.9,442.5,186.2,186.8,183.9,321.7,332.8,328.5,125.8,124.1,121.9,558.9,562.2,554.1,294.0,302.5,303.0,462.2,460.8,459.9,617.2,616.0,621.9,801.9,801.8,803.2,132.7,140.0,138.3,405.0,404.5,407.8,8534.1,8543.3,8554.3
Feb-1999,414.5,415.8,419.7,81.1,80.0,77.6,1024.4,1022.1,1019.7,77.9,76.5,72.6,619.9,617.0,613.2,410.3,413.3,413.7,978.0,975.1,984.3,584.0,585.2,579.2,445.7,460.9,463.1,185.0,184.0,184.2,316.1,317.0,318.4,127.0,124.1,123.1,557.9,555.3,554.7,296.8,295.3,294.7,472.3,470.2,471.8,626.3,627.7,597.6,799.1,825.1,823.1,137.0,134.1,133.2,409.2,412.3,412.5,8568.2,8577.5,8556.5
May-1999,422.7,426.3,426.6,78.9,78.4,78.0,1018.2,1021.5,1016.9,78.9,79.4,81.0,638.4,634.3,635.0,417.7,413.1,418.8,984.7,983.3,974.9,583.3,583.6,587.1,445.1,438.2,440.8,185.9,186.1,189.0,310.3,296.5,298.3,131.2,134.7,136.3,557.3,558.3,557.9,298.1,298.3,296.4,479.0,484.1,480.6,632.2,633.7,640.1,794.3,793.5,797.9,138.8,142.6,138.9,414.3,411.0,412.2,8611.8,8598.1,8606.5
Aug-1999,428.9,426.8,427.9,79.2,79.2,77.4,1017.6,1013.5,1011.0,79.4,80.5,82.2,662.0,666.1,662.8,426.1,441.9,433.7,989.8,996.7,972.5,584.8,579.7,563.0,439.8,441.0,440.1,189.8,188.2,184.4,309.5,305.4,303.8,134.7,135.9,137.2,559.4,556.8,557.9,298.8,300.2,309.3,479.3,479.4,474.6,632.1,632.8,643.7,793.0,786.5,776.4,137.3,136.2,129.6,416.3,419.1,416.1,8663.1,8659.9,8603.6
Nov-1999,431.0,430.1,429.1,80.4,80.4,80.1,1021.8,1024.8,1030.4,79.1,78.9,79.8,680.4,684.1,690.4,428.6,430.2,429.7,990.0,982.4,991.0,590.3,595.8,602.9,436.3,434.8,432.8,194.1,204.8,205.2,312.4,316.0,317.8,136.1,129.6,126.6,563.8,584.8,579.7,301.8,300.2,301.9,475.2,473.9,473.0,630.3,629.5,636.4,801.0,804.9,809.8,135.0,133.7,133.7,414.7,414.4,413.5,8720.3,8736.4,8763.7
Feb-2000,431.3,434.8,437.1,83.3,84.3,82.3,1063.2,1055.5,1053.2,78.6,77.0,73.2,688.8,684.5,679.2,395.9,394.8,396.5,986.5,992.8,1002.1,600.9,597.6,593.0,440.0,435.7,436.3,219.7,221.8,222.4,334.1,336.4,338.6,137.8,136.7,135.4,569.5,566.5,567.2,309.5,308.3,307.9,473.0,470.9,473.0,622.2,618.5,589.5,820.8,818.4,817.8,140.8,141.9,141.0,407.7,407.9,408.7,8788.8,8772.8,8754.4
May-2000,430.8,426.4,428.0,82.8,76.7,76.5,1071.9,1104.3,1101.3,79.1,81.0,82.4,688.2,689.8,692.0,362.7,357.7,361.5,984.7,980.1,971.8,613.9,611.2,614.0,449.7,453.2,456.9,221.1,218.0,221.6,331.5,328.7,329.8,140.6,141.9,143.6,578.1,579.4,579.4,322.5,321.5,318.9,480.5,479.1,475.7,628.5,630.5,634.6,834.0,837.6,841.2,140.3,139.9,136.3,395.7,398.4,399.5,8852.4,8854.5,8865.0
Aug-2000,427.1,429.5,432.5,81.4,81.4,79.3,1074.0,1077.5,1077.1,80.1,78.6,80.2,679.6,694.4,697.1,364.5,381.9,379.0,988.2,988.3,974.5,626.0,631.4,618.5,461.0,460.9,459.8,222.3,223.5,219.2,326.9,329.4,325.2,142.2,142.9,143.4,592.1,589.1,584.7,336.2,337.7,346.8,491.9,494.9,486.6,634.2,636.8,651.0,842.8,844.3,839.3,139.6,139.5,136.2,384.1,382.5,380.8,8896.9,8938.6,8911.6
Nov-2000,420.7,424.9,424.1,79.7,82.1,81.2,1070.2,1047.5,1052.4,80.2,81.5,82.5,665.0,665.8,671.4,363.0,367.9,368.3,997.1,997.0,1004.0,631.9,630.7,639.0,467.5,467.1,465.2,225.9,225.2,224.7,327.0,324.7,326.6,142.2,141.4,137.8,608.9,607.1,600.8,343.1,344.5,345.3,500.5,499.6,499.3,636.2,635.3,641.8,854.3,827.6,832.0,139.2,139.5,139.4,381.3,378.6,377.0,8920.4,8889.4,8912.7
Feb-2001,417.6,408.6,409.3,78.9,76.4,75.4,1059.1,1062.9,1060.9,80.6,80.3,76.8,651.9,647.8,642.7,356.9,351.2,353.1,1009.1,1008.9,1018.2,631.2,634.0,630.4,468.1,470.8,469.7,228.0,227.3,228.5,333.0,324.7,328.0,141.5,141.7,140.4,617.7,633.5,634.7,341.5,343.3,343.3,504.9,508.4,511.0,637.6,637.2,608.1,866.8,865.5,866.6,138.2,138.4,137.4,392.7,385.1,386.2,8936.8,8937.9,8920.9
May-2001,422.2,419.4,421.8,79.0,79.3,79.4,1046.0,1050.5,1049.3,81.7,79.9,81.1,649.7,648.9,652.8,351.7,354.3,356.9,1020.0,1022.8,1015.6,629.2,623.0,625.0,465.6,462.7,467.4,225.9,230.9,234.6,342.4,346.5,347.1,142.8,143.8,145.4,610.8,613.7,614.2,333.7,330.2,327.3,508.1,502.9,499.6,643.9,641.4,643.6,878.0,888.9,892.5,137.1,138.6,135.3,411.5,414.8,415.7,8965.2,8994.6,9004.6
Aug-2001,432.0,436.4,439.6,80.4,80.9,78.1,1035.1,1025.6,1024.7,82.9,85.0,86.2,661.2,659.8,661.2,353.5,349.4,347.2,1028.4,1024.6,1010.3,631.7,636.3,622.3,460.4,461.2,460.6,221.0,216.5,212.8,348.3,349.1,344.4,147.8,143.3,144.0,595.6,593.2,588.9,324.2,329.1,337.8,513.7,526.9,516.5,654.3,654.5,670.7,885.3,874.9,869.1,139.6,132.8,129.5,424.6,429.1,427.9,9007.0,8998.5,8971.9
Nov-2001,438.3,439.5,438.5,82.0,81.4,81.3,1030.9,1035.3,1030.2,83.0,82.5,83.6,679.4,678.9,693.0,359.7,361.6,366.1,1032.8,1044.9,1048.4,638.1,629.0,625.7,454.6,456.2,457.0,215.0,216.4,210.6,346.6,349.1,344.2,153.2,156.4,153.1,586.7,575.8,564.9,317.5,315.4,313.7,522.7,508.5,509.3,662.6,668.3,673.3,888.6,893.4,893.9,145.4,144.9,142.9,425.5,425.2,426.0,9047.8,9058.8,9055.6
Feb-2002,433.0,430.3,431.3,82.7,83.6,83.5,1036.6,1036.2,1035.4,81.5,82.2,79.5,692.5,698.3,693.9,364.4,366.5,368.7,1037.9,1034.3,1042.3,641.3,652.3,649.2,448.2,445.8,444.1,212.6,213.4,214.5,341.2,337.5,342.9,155.2,158.8,157.2,592.0,597.2,597.9,317.7,315.6,316.2,532.4,534.3,536.6,668.0,667.3,638.0,894.7,896.4,898.8,152.0,156.4,155.0,420.8,406.2,407.4,9093.4,9105.6,9092.3
May-2002,415.0,421.5,424.0,83.0,82.8,82.9,1049.6,1046.5,1046.3,80.9,79.8,80.6,696.3,697.1,702.7,366.0,366.3,368.0,1047.7,1044.4,1040.2,636.9,640.5,641.7,442.6,445.4,450.2,214.4,207.6,211.4,338.1,338.1,337.8,154.1,148.4,150.2,602.1,600.1,600.5,323.4,323.4,320.9,542.6,544.5,541.7,671.8,668.0,668.7,908.3,898.1,901.8,155.6,152.1,148.7,419.3,415.4,416.3,9140.2,9121.8,9134.7
Aug-2002,389.2,388.5,390.7,83.5,83.2,79.7,1064.7,1063.7,1062.1,83.5,82.4,83.0,695.3,677.0,676.7,367.1,364.6,362.8,1065.8,1069.0,1053.1,629.0,617.2,603.2,441.1,437.9,438.1,218.9,224.3,220.6,339.1,339.2,334.8,153.6,153.5,154.4,606.2,613.8,609.6,331.5,335.4,343.1,558.3,550.4,538.7,678.3,682.2,699.3,920.9,926.2,919.9,154.2,157.0,153.3,421.7,428.2,427.3,9191.3,9180.1,9150.3
Nov-2002,366.4,361.8,360.6,84.7,91.1,89.6,1073.0,1078.7,1080.5,87.9,89.1,90.0,700.2,698.8,701.8,371.9,370.2,371.1,1089.7,1084.0,1090.5,626.1,626.7,637.0,444.8,445.3,442.9,224.7,221.0,219.8,341.4,341.1,340.9,157.5,158.5,154.4,605.8,600.4,595.4,337.6,334.1,334.7,574.3,577.5,579.6,687.0,682.7,689.3,925.2,934.5,937.8,149.8,149.8,149.5,424.4,423.8,421.3,9235.2,9271.7,9286.7
Feb-2003,356.6,350.4,352.7,86.2,93.8,94.3,1066.4,1069.6,1069.9,91.7,92.0,90.0,715.5,750.0,748.5,376.0,379.8,382.1,1107.9,1113.9,1120.4,632.4,629.4,625.7,452.7,452.2,450.0,228.1,231.0,231.5,341.5,356.4,363.5,164.8,152.0,150.4,607.9,605.5,605.0,340.4,342.3,343.9,583.4,591.3,591.6,695.1,699.5,670.0,917.0,911.2,914.4,146.5,145.3,143.9,425.2,423.8,424.8,9364.5,9383.4,9372.6
May-2003,360.8,373.4,374.9,87.4,87.4,87.6,1047.1,1042.5,1042.3,92.8,93.0,93.9,735.7,710.7,716.6,375.8,378.1,379.1,1112.1,1134.2,1132.5,641.6,647.1,647.9,461.9,462.8,468.2,226.0,226.3,230.6,340.6,338.9,338.4,171.4,171.2,173.0,615.0,617.9,616.8,341.4,342.2,339.9,583.2,578.2,577.1,701.8,684.4,684.5,907.0,905.9,910.0,145.5,143.2,140.1,423.4,425.7,426.6,9367.0,9365.5,9380.1
Aug-2003,367.8,367.9,369.0,89.8,84.2,80.4,1026.3,1029.8,1028.8,91.7,97.5,97.6,751.3,753.1,750.5,374.0,364.7,363.8,1103.5,1102.3,1085.5,648.7,645.7,631.8,468.3,459.5,460.0,220.4,222.0,218.9,341.3,340.1,335.6,176.2,179.8,180.9,623.3,621.0,618.0,340.3,338.0,344.1,578.6,576.7,564.4,707.2,707.9,724.6,912.1,908.1,901.6,148.8,154.5,151.2,421.8,420.9,420.3,9374.2,9363.3,9327.0
Nov-2003,369.3,372.4,371.1,95.0,94.0,92.4,1017.5,990.3,990.6,90.4,83.1,83.6,761.8,763.6,765.6,374.7,375.4,375.6,1091.2,1087.8,1094.4,651.9,652.6,664.1,470.8,486.0,482.7,215.0,210.9,209.9,344.1,343.9,342.7,178.5,170.4,166.5,625.4,641.8,639.1,337.8,355.9,356.5,580.3,582.6,584.8,710.0,710.5,717.3,928.3,927.1,929.6,152.9,146.7,146.1,419.6,417.4,414.9,9403.4,9407.1,9427.7
Feb-2004,363.7,363.0,367.7,100.1,101.3,102.1,1025.3,1021.2,1022.3,89.7,89.5,88.3,771.1,756.5,758.9,376.0,379.5,382.3,1085.3,1086.7,1091.0,650.5,654.9,649.7,472.5,472.2,469.9,213.2,214.5,213.8,345.8,348.9,357.0,178.1,180.3,178.1,622.7,620.1,617.1,335.1,332.9,335.7,586.2,581.8,579.9,710.4,709.5,681.1,944.7,954.7,958.8,154.9,159.4,157.9,417.9,421.8,422.6,9448.4,9441.4,9434.5
May-2004,355.6,355.9,355.5,101.6,104.8,104.5,1040.6,1044.9,1045.2,89.8,90.2,91.2,783.0,788.2,793.5,376.5,376.3,377.0,1090.1,1089.6,1089.6,651.9,647.5,647.5,476.1,472.5,478.3,215.7,217.6,222.2,344.0,344.0,343.6,176.1,177.0,178.5,621.7,621.0,618.6,334.7,336.7,334.8,593.1,600.0,600.5,706.6,736.0,737.0,954.2,947.1,951.5,155.4,153.9,150.6,416.4,412.8,413.7,9500.2,9516.3,9533.5
Aug-2004,351.4,348.4,348.9,100.8,97.7,93.8,1051.0,1056.5,1055.1,91.1,90.9,90.3,797.5,795.4,790.8,377.6,370.9,370.2,1104.6,1100.7,1084.1,659.2,654.5,642.6,482.6,486.8,487.3,220.5,216.0,213.1,344.7,342.2,337.4,173.6,171.8,173.1,627.8,625.5,623.5,338.4,331.4,335.9,598.9,587.4,576.4,699.8,700.3,714.3,959.6,963.5,956.7,156.2,154.8,151.7,415.5,417.3,416.8,9566.2,9502.7,9462.1
Nov-2004,353.1,351.9,351.3,101.5,100.6,100.2,1048.2,1044.6,1035.8,93.0,91.9,92.4,812.4,811.6,824.3,377.9,384.6,388.1,1128.3,1131.4,1135.9,674.0,679.5,677.9,489.5,486.1,486.0,226.2,233.5,228.3,350.8,347.6,340.5,171.2,171.8,169.2,642.7,644.2,638.5,345.4,349.1,347.3,602.8,609.5,610.5,693.3,693.8,699.0,964.3,960.3,958.5,159.4,160.5,157.6,412.8,411.1,411.6,9649.8,9657.3,9652.9
Feb-2005,355.9,359.7,366.7,106.6,108.2,108.8,1036.8,1039.0,1040.8,95.0,97.3,96.5,827.6,829.0,836.2,375.2,377.5,381.3,1154.2,1149.0,1151.5,687.3,684.5,677.4,494.1,497.0,494.0,232.9,229.7,228.0,361.3,368.7,377.1,171.9,171.9,169.6,660.6,659.8,654.7,350.3,350.5,354.5,607.2,601.7,597.5,694.8,675.0,648.8,972.5,978.0,982.8,166.9,164.4,162.9,408.2,414.1,415.4,9746.2,9750.2,9744.6
May-2005,354.4,354.7,351.8,115.9,113.5,112.7,1026.5,1024.3,1025.7,97.6,95.5,97.3,841.4,839.9,843.2,370.7,363.0,363.1,1170.8,1181.8,1182.2,691.5,696.3,694.9,495.3,494.6,501.4,238.0,238.8,243.9,369.8,365.3,365.1,174.9,174.0,174.8,678.4,680.9,676.5,351.6,352.5,350.7,611.8,611.8,614.0,708.1,705.6,708.6,981.1,973.4,977.1,174.1,175.5,171.8,403.1,395.3,395.9,9835.8,9833.8,9850.8
Aug-2005,349.8,348.9,349.3,124.5,125.5,121.3,1020.9,993.9,992.0,100.3,100.6,99.0,852.1,856.2,849.9,365.2,370.4,370.3,1171.8,1170.9,1154.2,684.3,681.7,673.2,494.8,495.3,495.2,238.8,241.2,237.6,371.7,378.1,373.0,179.6,180.4,182.2,693.5,691.0,689.4,351.1,348.6,352.3,611.7,618.7,609.1,728.7,731.6,743.7,992.2,1005.4,999.4,176.9,180.1,176.5,401.1,403.8,402.8,9897.1,9914.9,9870.3
Nov-2005,345.5,342.9,343.1,130.1,133.3,131.4,1017.8,1029.0,1027.1,103.0,104.2,104.3,860.0,841.8,842.9,364.4,367.3,366.1,1163.1,1161.9,1170.3,669.5,675.6,686.2,494.7,493.3,490.6,236.4,236.9,237.8,371.2,369.0,367.5,185.0,184.4,181.4,705.5,708.8,710.8,350.5,351.7,352.1,610.5,606.7,606.0,744.2,744.8,751.4,1008.6,999.7,1001.2,176.0,174.3,172.9,405.0,404.2,401.8,9941.8,9924.7,9945.0
Feb-2006,342.8,347.9,355.7,132.5,124.7,124.7,1015.5,1015.3,1018.4,105.6,104.3,103.8,867.7,873.6,884.9,371.8,360.6,365.2,1156.5,1152.6,1154.0,657.9,650.8,642.6,497.2,496.5,493.3,235.2,231.3,229.1,372.8,368.5,376.2,189.8,204.0,200.3,717.7,715.4,709.5,350.3,351.9,357.4,612.4,607.4,602.1,745.0,759.2,730.3,1028.8,1028.3,1033.7,173.8,171.3,169.7,411.0,408.4,410.1,9989.4,9965.4,9961.1
May-2006,341.2,338.7,333.4,133.3,133.3,131.4,1012.2,1010.2,1012.2,106.6,107.1,109.9,882.4,875.2,876.5,386.6,389.3,388.7,1158.2,1158.1,1158.3,657.2,653.7,651.1,499.8,502.5,509.9,238.9,237.9,243.0,378.5,383.5,383.6,192.8,181.9,182.9,731.7,726.6,720.6,349.3,345.3,343.4,619.6,623.9,626.1,737.4,733.7,739.3,1044.9,1058.6,1061.8,174.6,184.7,181.6,413.7,427.5,428.4,10054.3,10061.0,10082.1
Aug-2006,341.5,339.9,341.3,135.0,135.8,132.8,1008.9,1011.3,1007.7,106.0,107.3,104.9,905.1,901.6,894.4,399.3,406.6,406.8,1164.5,1168.4,1151.7,668.5,675.4,671.3,502.9,502.3,501.0,244.9,249.4,244.9,389.0,384.4,379.9,194.1,195.2,197.5,739.6,748.2,745.6,348.0,353.5,356.1,629.8,631.6,624.8,733.3,715.7,725.2,1052.0,1049.2,1043.9,176.8,174.0,170.3,411.0,407.6,405.8,10131.6,10155.0,10105.8
Nov-2006,342.3,344.8,346.3,136.3,135.8,135.7,1010.0,1009.3,999.5,104.5,103.3,103.5,925.3,934.4,947.5,400.5,400.4,402.5,1170.3,1167.6,1174.2,685.3,672.4,668.0,508.7,497.2,498.9,249.0,245.8,242.8,399.0,401.0,393.3,196.2,194.3,192.0,738.7,743.0,739.5,348.5,343.3,341.2,638.1,631.5,628.7,740.0,742.8,747.6,1053.4,1052.7,1050.0,179.0,182.7,178.5,408.0,410.9,411.8,10213.3,10206.1,10201.6
Feb-2007,343.9,344.3,351.5,136.7,137.6,136.6,1014.9,1010.5,1015.7,102.6,102.5,102.1,932.9,935.2,950.2,392.2,386.8,392.8,1176.6,1181.1,1181.6,698.4,708.9,698.4,518.6,519.5,515.5,248.0,249.8,247.2,404.5,406.6,412.7,199.2,197.9,193.9,737.6,716.9,713.1,350.8,351.9,358.7,642.8,649.4,643.3,751.3,751.1,722.3,1057.2,1052.1,1057.7,183.5,179.5,177.6,412.4,403.8,406.0,10294.9,10279.5,10277.0
May-2007,344.2,340.4,333.9,136.6,135.5,132.8,1023.5,1030.2,1031.1,102.3,103.4,106.5,928.0,926.3,927.0,381.8,406.0,404.1,1191.1,1170.4,1169.7,704.4,701.6,698.4,530.7,531.4,539.6,244.2,245.5,250.6,406.1,406.5,407.6,200.4,205.0,206.6,743.9,744.8,736.8,352.6,353.9,351.4,642.8,642.6,644.6,759.3,765.6,773.6,1065.0,1073.8,1075.9,192.1,191.2,188.9,426.9,432.1,433.0,10377.3,10390.0,10412.0
Aug-2007,343.4,351.8,354.0,136.6,139.3,137.6,1035.5,1030.2,1025.4,104.3,101.6,98.9,929.2,922.9,914.7,377.4,377.0,378.2,1209.9,1212.3,1195.2,704.1,707.4,706.5,538.7,539.1,536.3,239.3,235.6,230.7,404.5,400.0,396.4,199.8,198.0,200.0,760.9,768.1,764.6,350.6,366.3,368.4,638.1,637.0,631.8,767.3,759.3,768.2,1074.7,1066.6,1062.5,200.0,202.0,197.4,444.9,442.3,439.4,10461.6,10457.9,10406.4
Nov-2007,341.7,340.0,342.9,140.6,137.1,137.1,1049.3,1048.4,1038.8,108.6,109.7,109.6,942.9,940.5,953.6,380.9,370.9,371.9,1223.8,1233.2,1240.9,702.2,685.8,679.2,542.7,549.9,553.4,233.3,236.5,234.2,403.1,408.7,400.5,198.2,195.6,193.3,779.1,767.4,763.7,344.9,337.6,335.5,633.4,633.1,628.9,780.5,780.7,785.7,1085.6,1087.7,1084.7,200.0,204.5,199.5,456.0,480.1,481.9,10539.3,10538.4,10535.1
Feb-2008,339.8,318.5,323.0,150.2,139.5,137.9,1059.4,1061.5,1068.9,114.0,113.8,113.8,962.6,977.8,993.0,392.7,401.3,408.6,1228.5,1220.7,1221.8,704.8,705.0,693.9,547.0,539.7,536.0,228.3,228.0,226.0,404.4,399.9,404.4,198.4,202.6,198.3,787.7,802.6,801.0,340.9,336.9,344.5,635.6,635.2,630.3,798.6,799.7,767.6,1092.9,1096.1,1101.5,192.6,191.8,189.1,457.5,461.0,463.3,10615.3,10627.4,10622.9
May-2008,340.6,358.4,352.4,163.5,167.7,163.7,1058.3,1063.0,1062.2,119.3,120.5,124.4,978.4,970.5,973.2,404.5,400.6,397.9,1222.8,1226.0,1223.9,708.7,710.6,707.8,557.4,559.1,566.6,224.9,217.8,222.3,406.3,404.8,406.9,202.8,197.3,199.4,787.9,788.4,778.6,339.5,342.5,339.5,644.3,626.1,626.7,809.8,810.6,821.6,1095.2,1099.3,1101.1,187.1,177.6,176.7,455.6,444.2,445.6,10681.1,10663.2,10690.3
Aug-2008,346.4,345.1,347.4,174.5,172.2,171.4,1043.3,1042.0,1035.8,124.0,121.8,118.3,985.1,991.6,982.3,404.5,413.0,415.0,1217.0,1219.0,1202.1,711.2,711.9,712.5,573.8,570.3,566.4,224.4,225.6,220.0,406.2,413.0,410.3,204.5,205.9,207.6,781.5,772.1,768.1,340.6,340.8,342.1,656.1,658.4,654.1,808.2,817.0,825.4,1099.2,1092.5,1088.5,190.3,192.1,187.4,453.2,459.1,455.7,10728.5,10765.6,10710.4
Nov-2008,350.8,351.5,356.1,176.2,181.3,180.8,1022.5,1020.4,1012.3,128.3,130.0,129.7,985.5,984.4,997.3,397.4,394.0,394.1,1215.3,1197.4,1205.5,711.0,711.3,703.2,589.4,593.8,599.4,225.7,224.8,223.0,402.8,398.7,390.2,198.6,209.8,207.2,774.1,815.3,809.8,342.3,339.7,338.2,665.2,667.2,662.5,800.7,785.3,790.9,1119.4,1113.8,1111.2,199.5,198.8,193.8,451.7,450.2,452.0,10755.4,10760.8,10757.3
Feb-2009,351.4,356.7,358.1,171.0,170.1,167.7,1006.3,1006.3,1015.0,130.8,150.6,151.0,984.1,981.2,994.7,393.4,386.9,394.6,1211.5,1219.4,1220.7,714.9,712.4,700.6,595.5,595.5,592.2,224.3,227.4,225.8,395.9,397.7,400.4,189.3,179.5,175.9,771.3,768.7,770.2,343.5,347.2,355.3,668.7,668.3,664.0,796.0,801.5,766.9,1153.5,1154.3,1159.5,205.0,217.7,214.1,447.6,448.3,450.1,10763.8,10778.9,10776.7
May-2009,348.1,340.7,338.1,164.6,157.7,154.2,997.3,994.2,991.3,130.1,131.5,135.4,980.2,981.6,987.7,398.4,404.3,401.3,1204.0,1208.1,1205.1,725.7,722.5,721.2,590.1,591.9,597.8,220.0,218.7,223.3,393.3,391.6,394.9,182.9,179.5,181.6,777.3,777.8,767.6,347.7,346.3,343.2,669.5,692.6,692.0,801.4,798.2,811.7,1181.7,1190.1,1192.0,203.5,204.8,204.6,440.0,441.6,443.9,10768.7,10759.6,10786.8
Aug-2009,344.5,348.4,349.6,163.3,164.8,164.3,993.5,1012.3,1005.9,128.0,127.5,124.3,976.7,980.5,970.0,411.5,404.2,406.6,1191.3,1167.8,1151.8,737.0,741.6,741.7,576.2,576.6,571.6,215.0,213.7,207.9,396.9,393.5,392.1,182.9,188.6,189.8,798.5,787.4,783.0,356.1,351.3,351.8,671.8,642.7,638.5,813.6,811.4,819.7,1189.7,1219.9,1215.4,200.3,196.4,191.3,437.8,435.7,431.9,10791.2,10771.9,10707.3
Nov-2009,345.0,342.8,348.1,168.3,166.3,165.5,988.6,987.0,980.8,127.9,121.8,121.2,975.9,969.9,982.7,419.8,427.5,426.4,1178.7,1183.9,1192.2,741.9,745.9,736.7,563.9,561.4,568.6,212.0,213.6,212.1,401.3,405.8,396.0,185.3,185.4,183.1,827.0,835.3,827.8,365.6,370.3,369.5,677.5,678.2,673.8,824.5,831.4,837.1,1185.3,1178.6,1176.6,199.0,197.9,192.9,442.6,436.5,438.1,10829.0,10832.7,10829.2
Feb-2010,350.6,348.4,347.0,176.4,179.0,176.5,982.7,987.6,996.6,131.8,132.9,133.5,978.9,978.3,989.4,419.6,421.5,430.9,1174.2,1171.6,1173.0,740.3,735.6,723.3,559.4,556.3,555.2,211.9,209.0,207.7,402.3,417.6,419.4,186.9,167.1,163.7,846.5,853.7,856.7,371.6,383.6,392.2,685.3,683.5,679.9,834.0,830.7,792.8,1190.6,1187.7,1192.7,198.2,202.5,199.1,449.3,457.9,459.4,10883.0,10890.7,10889.2
May-2010,357.4,357.8,358.9,185.2,183.1,179.2,979.4,969.6,965.1,138.5,136.6,140.1,986.2,992.2,1001.9,412.7,407.3,404.6,1178.0,1176.1,1172.7,739.9,753.0,753.9,561.3,587.9,590.2,212.5,215.3,219.7,396.6,384.0,388.1,192.7,193.0,195.6,850.2,844.8,834.6,373.8,368.6,365.7,691.5,694.4,692.3,842.4,816.1,832.1,1216.3,1209.3,1210.9,193.7,194.7,194.8,453.9,453.7,457.0,10950.7,10925.6,10957.4
Aug-2010,356.8,360.7,359.6,193.2,195.3,194.7,979.2,984.7,977.6,144.6,148.2,145.1,990.8,985.4,974.2,406.5,408.9,410.7,1189.0,1188.5,1172.1,748.5,719.8,718.0,567.3,568.0,562.7,213.2,212.5,206.5,390.5,392.2,392.0,200.7,200.1,200.9,847.0,847.4,843.4,377.2,375.9,375.6,694.4,695.2,690.9,848.2,864.7,872.9,1248.9,1257.3,1252.3,190.3,187.7,182.5,453.2,446.3,442.2,11030.4,11038.1,10973.8
Nov-2010,344.5,348.8,354.8,200.5,200.1,198.9,978.0,979.0,975.3,148.0,146.0,145.2,993.8,1016.7,1029.1,404.6,400.3,399.0,1201.8,1203.9,1213.3,762.7,761.3,751.7,572.9,568.0,577.1,213.5,212.4,211.4,393.0,385.2,375.0,205.2,209.3,206.9,846.8,843.2,832.7,383.7,400.5,400.4,696.3,694.4,690.5,850.6,855.3,861.3,1267.8,1274.8,1273.8,195.5,189.8,185.0,448.7,462.0,463.1,11101.4,11147.5,11144.5
Feb-2011,325.5,318.0,315.3,207.5,206.3,203.5,968.8,967.8,976.3,148.5,150.4,150.9,1001.9,988.1,998.6,402.4,410.2,419.7,1210.2,1211.8,1212.6,772.9,790.2,777.2,578.1,588.8,589.4,212.2,214.0,212.4,404.3,405.6,406.2,203.2,200.8,197.0,850.4,867.5,870.4,390.8,390.8,398.7,702.6,701.4,698.4,848.1,832.7,793.8,1273.6,1271.5,1276.4,206.7,211.6,208.5,444.9,439.5,440.8,11147.6,11151.4,11146.2
May-2011,312.0,315.6,319.6,215.6,218.1,214.1,952.3,958.4,952.6,148.4,147.2,150.3,1011.9,1018.8,1030.4,399.9,394.3,392.2,1209.0,1206.4,1202.4,775.0,774.3,777.4,581.0,574.6,574.0,209.8,210.5,214.6,417.7,421.4,426.8,196.9,199.5,202.3,854.7,847.6,839.6,395.1,392.7,390.7,715.4,713.2,710.1,845.8,852.5,870.4,1283.6,1265.8,1266.9,214.1,217.3,217.4,441.7,440.4,444.5,11174.8,11160.4,11196.2
Aug-2011,309.4,303.7,300.7,226.3,222.4,221.4,940.5,930.4,923.8,150.0,139.6,137.6,1015.8,1019.9,1007.3,399.9,399.4,400.2,1200.0,1208.7,1191.8,767.7,766.7,762.4,575.6,582.4,576.3,208.3,206.7,201.1,424.9,425.3,425.8,193.0,190.5,190.8,859.4,865.9,863.9,396.0,400.8,400.5,728.3,730.6,726.0,845.9,842.3,850.0,1305.1,1307.6,1302.8,211.9,210.5,204.3,442.1,444.4,440.5,11199.7,11193.3,11127.2
Nov-2011,316.5,319.6,325.3,239.5,241.9,239.9,937.2,937.8,935.7,152.4,154.0,153.2,1009.0,1004.7,1018.3,400.9,436.6,435.4,1191.8,1181.4,1192.6,758.6,761.8,751.2,562.9,564.1,574.8,211.3,210.0,198.6,425.6,424.8,413.1,197.2,192.6,190.7,867.4,864.4,850.2,395.1,391.8,391.2,732.2,734.8,730.6,850.5,852.1,857.5,1324.0,1336.3,1335.9,207.0,207.4,201.9,444.9,443.2,443.2,11238.6,11248.1,11239.4
Feb-2012,324.9,321.7,318.9,254.4,252.0,248.6,942.3,946.4,953.2,154.2,153.9,154.1,989.8,995.5,1004.3,403.9,383.4,392.8,1189.6,1190.3,1190.7,755.8,736.0,725.8,549.9,544.9,546.9,220.0,219.7,221.9,424.2,421.9,422.1,204.9,228.3,224.1,881.0,876.7,877.3,393.4,393.2,400.0,722.6,737.1,734.8,860.2,855.1,815.8,1333.3,1328.0,1332.4,208.7,202.1,199.4,443.4,473.1,474.6,11281.7,11243.9,11237.7
May-2012,325.2,333.3,339.2,265.6,278.3,274.2,949.3,944.3,939.7,152.4,153.0,155.7,972.3,971.5,983.2,406.0,402.4,400.4,1193.6,1197.9,1191.7,761.2,762.8,767.3,547.1,548.0,545.0,229.3,229.6,236.9,422.6,426.4,431.9,208.1,213.0,216.1,897.1,927.6,923.1,393.8,394.6,394.5,705.4,705.5,701.8,873.1,878.6,897.0,1337.8,1331.1,1331.6,214.0,218.5,218.8,442.8,440.7,445.3,11320.5,11355.5,11393.2
Aug-2012,314.8,314.5,309.4,270.1,273.0,271.2,947.5,953.2,945.7,147.3,148.6,147.0,968.8,958.2,946.5,413.7,417.0,417.0,1198.6,1195.8,1179.8,772.8,773.6,766.9,562.2,554.4,548.8,232.1,236.3,234.1,419.9,416.9,417.7,204.7,201.5,201.2,911.3,910.3,910.5,394.8,392.9,392.8,694.4,687.3,682.9,885.7,885.3,893.0,1348.5,1354.9,1351.0,214.9,219.1,212.7,445.0,439.6,436.0,11352.4,11332.5,11264.1
Nov-2012,302.1,295.7,300.9,268.7,263.0,260.5,937.7,955.6,953.3,142.6,140.9,140.5,980.8,982.1,996.0,426.0,417.2,416.5,1201.1,1204.2,1218.0,786.1,784.9,773.1,582.3,588.4,600.4,227.0,226.8,215.7,416.9,419.4,408.4,198.9,196.1,194.2,916.2,918.8,899.8,393.4,397.7,395.7,698.0,695.8,691.7,896.8,890.7,896.4,1362.6,1357.6,1357.4,212.4,209.5,203.7,447.9,456.7,456.1,11383.3,11388.5,11378.3
Feb-2013,293.7,297.5,295.7,264.8,268.2,264.4,924.1,917.5,923.8,141.7,135.3,135.3,997.7,1006.2,1014.5,432.9,444.0,455.4,1206.4,1202.5,1202.2,793.4,793.9,784.7,594.0,601.5,604.3,217.3,214.8,216.9,417.2,413.6,413.5,195.4,199.8,196.7,914.5,913.5,911.5,390.1,386.3,392.4,715.7,717.5,715.8,901.4,910.2,869.3,1368.8,1375.9,1379.7,211.4,202.8,200.2,451.3,448.0,449.1,11411.4,11436.0,11425.3
May-2013,295.2,293.7,299.5,263.7,259.9,257.3,917.9,918.3,915.3,145.6,146.3,148.5,1003.4,977.7,988.9,428.2,428.2,425.6,1215.3,1245.5,1236.9,791.1,797.1,802.6,594.1,587.1,583.2,206.8,214.8,219.9,420.0,419.6,424.3,193.1,190.9,193.7,909.2,908.0,907.6,386.9,389.0,390.7,737.6,734.0,730.0,899.7,899.3,916.2,1372.1,1371.8,1372.1,214.1,222.2,222.6,454.5,451.4,456.8,11433.2,11451.4,11491.7
Aug-2013,302.9,285.4,280.0,265.5,265.4,262.6,922.2,917.5,910.3,150.4,150.7,149.1,998.6,1035.4,1023.4,414.0,409.7,409.5,1225.6,1201.3,1184.9,782.0,778.9,771.2,588.3,589.3,582.4,198.8,198.3,196.9,420.3,425.7,426.7,192.3,194.0,193.1,904.1,908.5,910.1,385.8,384.0,384.0,752.2,777.8,772.5,894.4,868.1,876.9,1379.7,1361.1,1357.7,214.3,214.8,208.7,460.2,464.8,461.4,11444.5,11430.3,11361.4
Nov-2013,312.2,317.3,322.0,267.6,269.6,267.1,927.2,936.7,932.8,151.4,153.5,153.6,995.5,990.1,1004.6,398.2,400.3,399.9,1235.4,1235.2,1251.9,773.0,768.9,756.2,585.0,586.2,598.6,194.7,192.3,184.3,416.1,413.3,402.6,198.1,193.5,191.6,906.3,898.3,877.6,388.0,388.1,384.6,753.2,755.7,750.5,893.9,894.0,899.9,1388.1,1399.9,1400.1,207.5,207.3,201.3,472.6,467.8,466.6,11458.2,11455.2,11445.9
Feb-2014,319.8,319.0,318.3,266.0,265.0,263.4,926.2,923.0,946.4,148.3,147.3,155.0,1002.6,1003.9,1032.9,390.1,387.6,374.7,1240.2,1240.7,1207.3,770.7,776.1,725.9,585.0,583.4,588.6,195.5,196.9,203.7,409.1,409.8,422.1,210.4,210.9,199.9,915.1,916.6,889.8,390.7,390.7,379.2,743.9,743.2,739.0,900.4,900.0,881.6,1391.8,1393.5,1434.2,199.8,201.0,209.1,485.0,482.8,493.7,11480.4,11484.6,11464.6
May-2014,322.6,321.5,327.0,256.2,259.6,257.1,920.5,919.3,918.1,143.5,143.2,145.4,1020.3,1015.2,1025.8,387.6,386.5,384.1,1240.5,1242.4,1232.5,779.0,773.7,779.5,588.3,586.7,582.8,200.2,199.9,203.4,406.3,404.2,407.9,222.1,224.9,228.3,926.3,933.2,935.5,391.0,393.0,395.7,734.5,730.4,726.8,904.8,908.7,922.3,1385.1,1383.6,1383.8,202.5,190.0,190.5,488.8,500.1,506.8,11507.5,11508.9,11553.3
Aug-2014,322.0,323.2,326.0,241.0,240.7,230.3,915.1,916.7,914.1,140.1,140.1,141.5,1034.7,1039.5,1019.6,386.0,389.2,403.1,1235.5,1233.1,1248.5,796.5,794.1,776.1,592.0,594.2,595.0,206.8,206.1,217.6,408.2,407.0,424.6,225.7,226.7,213.1,937.5,933.9,935.3,387.6,389.4,368.7,731.9,731.4,711.7,908.2,908.4,942.2,1383.8,1383.9,1415.7,215.8,214.1,208.0,483.9,481.6,481.8,11538.4,11540.1,11572.8
Nov-2014,318.4,318.3,321.8,227.0,224.7,220.2,914.8,910.9,911.2,138.9,137.9,138.2,1036.5,1047.7,1047.0,386.5,387.0,382.6,1225.7,1231.9,1254.1,816.8,820.1,821.5,595.2,599.4,607.5,211.2,211.7,208.7,409.9,414.6,410.8,219.9,222.0,218.5,955.7,950.8,937.5,387.2,381.8,380.1,734.5,737.4,731.8,913.1,900.4,910.2,1403.3,1378.5,1384.0,230.4,237.0,233.4,477.2,467.6,462.5,11584.4,11550.2,11581.7
Feb-2015,311.6,314.2,323.7,220.6,218.2,213.7,914.3,915.6,919.5,139.3,140.4,147.1,1029.9,1015.6,1015.1,385.3,378.4,377.2,1223.5,1218.9,1230.4,828.4,842.6,842.2,600.2,589.7,601.9,212.7,216.8,214.5,410.1,409.2,411.3,211.6,207.3,203.1,981.3,978.9,987.0,393.2,391.4,405.7,737.0,735.3,736.6,922.3,930.5,908.8,1439.7,1449.8,1458.9,234.8,237.2,240.5,475.7,482.2,486.8,11646.2,11688.8,11724.1
May-2015,307.0,292.9,297.4,222.1,223.5,220.7,908.5,913.6,914.1,140.3,139.2,141.4,1026.6,1030.4,1039.2,384.9,396.3,394.4,1236.9,1221.9,1211.5,827.7,827.9,834.5,605.8,613.5,609.4,213.8,206.1,209.3,412.2,392.2,395.0,207.6,208.8,211.7,1004.1,1023.1,1026.5,403.1,409.1,412.0,736.7,739.3,736.4,932.1,925.9,935.6,1481.9,1477.9,1478.7,229.6,227.9,228.1,478.6,478.8,485.5,11720.9,11736.8,11781.4
Aug-2015,308.2,307.4,305.5,224.5,243.4,239.0,898.8,897.3,870.0,140.9,151.2,151.2,1033.0,1031.0,1016.1,383.1,371.8,377.4,1261.0,1272.8,1235.1,824.5,813.7,795.9,613.1,614.5,611.2,215.8,216.4,215.7,418.5,418.2,414.8,210.3,207.9,201.0,1016.2,967.8,966.3,413.2,411.7,413.0,736.1,735.5,720.8,935.4,942.4,961.9,1511.1,1514.8,1520.7,227.0,221.0,215.1,476.9,475.2,471.8,11802.2,11787.9,11702.6
Nov-2015,313.7,315.3,317.5,223.8,216.1,212.5,890.7,860.1,856.5,140.2,138.9,139.8,1044.7,1047.6,1045.7,380.5,389.8,385.2,1278.8,1278.5,1303.4,826.7,829.3,830.0,620.6,609.8,617.3,216.6,221.2,219.3,426.3,459.3,454.3,215.8,216.9,213.6,1017.4,1021.4,1008.0,421.2,418.9,416.7,739.8,737.3,730.5,933.5,932.2,945.7,1525.4,1533.0,1538.7,230.3,232.4,229.1,472.2,477.2,471.5,11873.1,11902.5,11935.3
Feb-2016,317.0,317.6,328.0,220.6,218.6,214.9,888.0,894.7,898.5,137.9,139.5,145.9,1052.5,1049.6,1048.6,378.7,348.3,346.2,1275.2,1280.4,1293.3,836.4,836.4,835.2,623.5,634.1,648.1,214.3,212.7,209.6,431.6,425.9,430.0,217.5,220.9,216.8,1019.6,1020.4,1027.6,429.8,432.9,449.0,749.5,748.3,750.6,933.3,930.0,906.5,1530.4,1513.7,1523.3,234.0,238.2,241.6,473.3,458.0,462.2,11922.4,11941.8,11975.9
May-2016,312.3,327.4,332.0,218.8,219.9,216.4,892.5,889.7,892.7,135.4,134.6,137.0,1055.3,1079.4,1087.4,376.0,381.7,381.1,1257.0,1254.8,1244.7,846.8,843.6,851.2,622.0,623.2,618.4,211.3,194.8,197.9,432.3,433.2,435.7,216.2,215.1,217.3,1025.7,980.5,983.2,438.5,411.1,414.3,761.7,764.2,761.6,941.9,941.3,947.6,1530.9,1565.7,1568.0,231.3,228.0,227.8,476.8,478.6,485.9,11951.4,11953.4,11999.9
Aug-2016,303.2,302.5,301.4,221.1,218.5,213.7,901.2,895.6,868.8,134.0,132.6,132.3,1059.7,1054.5,1042.2,372.3,372.2,377.7,1240.4,1236.6,1198.1,852.8,861.4,843.1,616.1,610.6,608.5,211.0,212.1,211.3,433.5,435.9,431.7,214.6,210.0,203.5,1027.4,1047.2,1045.7,443.1,445.6,447.4,771.6,772.7,756.4,957.5,955.1,977.4,1534.2,1527.3,1532.4,222.1,234.5,228.2,480.0,488.5,485.2,11977.1,11990.5,11904.8
Nov-2016,296.8,294.1,295.3,224.7,225.2,222.6,906.2,968.0,961.1,133.9,136.4,137.6,1074.0,1065.7,1062.2,367.5,361.7,357.7,1235.9,1236.7,1259.9,857.8,852.9,853.3,614.5,615.7,621.8,213.9,215.9,214.4,437.8,425.9,421.2,214.0,217.7,214.4,1021.7,1018.2,1006.5,437.2,439.5,436.6,776.7,772.3,765.3,971.6,982.4,999.3,1548.5,1548.3,1553.2,214.7,212.2,209.5,482.9,467.7,461.4,12024.0,12019.2,12053.5
Feb-2017,300.2,298.9,308.3,225.4,229.7,226.3,905.6,907.8,911.7,135.6,133.3,139.2,1099.9,1109.1,1108.6,362.2,373.2,369.7,1246.0,1219.2,1233.1,868.4,863.0,860.7,622.2,588.5,602.6,217.8,211.8,208.3,439.1,448.0,453.1,212.3,213.5,209.7,1008.7,1007.8,1015.5,421.5,426.3,441.9,773.8,822.0,824.8,984.0,974.1,947.0,1581.0,1526.3,1535.9,216.1,209.9,213.3,487.6,488.3,492.8,12104.3,12070.5,12102.6
May-2017,311.5,310.1,315.2,222.4,220.2,215.8,896.5,889.3,894.5,137.2,138.5,141.2,1129.2,1124.9,1132.0,361.4,348.0,348.4,1263.6,1272.9,1265.1,883.5,885.7,894.4,633.2,649.7,643.7,219.9,225.2,229.3,434.4,437.4,439.8,209.4,207.1,208.5,1002.5,1000.1,1000.3,405.9,392.3,395.6,763.6,764.9,762.7,997.0,998.2,1003.1,1622.2,1628.9,1632.7,226.5,228.6,227.6,497.0,498.0,506.4,12208.8,12215.1,12256.1
Aug-2017,322.4,330.4,329.9,220.1,219.5,214.3,889.0,898.3,870.6,139.9,140.4,139.6,1156.0,1158.9,1146.9,364.0,370.9,376.5,1282.7,1277.6,1234.7,893.4,901.7,882.1,642.2,640.5,639.1,219.0,220.5,219.2,426.5,419.0,414.8,208.4,202.2,196.6,1006.9,1002.7,1000.9,402.0,401.3,403.5,750.1,746.6,729.9,1012.8,1014.7,1039.9,1653.2,1664.2,1669.5,240.6,242.3,235.9,502.9,503.3,499.4,12320.7,12330.5,12243.2
Nov-2017,327.8,325.4,325.6,223.1,221.3,219.6,897.3,884.1,877.5,144.0,141.0,142.9,1174.7,1169.4,1165.0,366.4,366.2,362.1,1292.9,1296.8,1319.9,893.2,889.5,890.3,643.4,646.4,652.4,218.2,214.0,212.4,423.4,424.8,420.2,211.6,221.5,218.3,1015.7,1028.7,1018.5,409.0,411.2,408.3,744.3,746.3,739.6,1023.0,1020.9,1040.8,1668.3,1655.6,1659.6,249.1,249.3,246.3,496.4,539.5,531.9,12417.8,12412.3,12451.3
Feb-2018,327.1,327.7,337.7,231.9,234.3,230.9,921.8,918.4,922.1,146.9,155.1,161.2,1186.1,1197.9,1197.3,364.6,367.8,363.1,1289.2,1305.0,1321.2,889.1,874.5,872.3,638.3,641.8,657.5,219.5,218.4,215.1,431.8,429.7,434.7,215.7,215.4,211.5,1029.5,1015.2,1025.1,413.7,416.2,430.3,759.9,698.4,701.6,1018.9,1040.4,1009.0,1670.6,1678.9,1689.8,251.3,252.4,257.0,484.4,482.8,487.5,12490.3,12488.4,12524.8
May-2018,325.7,326.8,332.4,243.7,240.6,235.5,943.5,953.6,960.1,149.0,149.3,152.5,1187.0,1172.6,1179.6,361.5,358.4,359.9,1278.7,1270.5,1266.0,889.5,901.5,911.2,635.7,620.7,614.4,223.6,228.3,233.1,442.2,443.0,445.1,218.1,219.2,219.9,1044.6,1051.1,1049.1,410.3,414.9,419.2,791.0,789.1,786.4,1011.5,1002.8,1007.7,1671.6,1669.1,1674.0,249.5,247.5,245.8,476.7,469.8,477.8,12552.9,12532.2,12569.7
Aug-2018,328.8,323.2,323.6,253.9,255.5,249.2,942.3,988.2,956.1,149.6,146.3,145.4,1177.3,1190.1,1177.7,366.2,361.0,366.5,1270.2,1269.3,1224.2,893.8,889.9,868.4,641.4,643.0,642.4,224.6,222.3,220.3,447.1,452.6,448.3,217.7,217.7,212.2,1062.1,1067.2,1062.7,406.0,396.0,398.9,826.3,837.5,817.6,1009.7,1004.9,1030.6,1674.1,1670.4,1675.6,246.5,249.3,242.7,481.5,484.4,480.5,12611.9,12629.3,12542.9
Nov-2018,334.1,336.4,336.3,257.7,261.6,259.7,919.0,909.5,904.7,150.3,155.2,157.4,1165.5,1162.5,1158.8,377.4,411.0,406.7,1273.0,1273.6,1294.2,897.8,902.1,903.3,651.8,653.9,659.4,220.1,223.1,220.5,444.8,440.6,436.6,215.5,216.0,212.9,1083.0,1073.2,1064.3,411.8,414.5,411.2,850.1,841.1,836.0,1019.5,1041.8,1061.9,1677.0,1681.8,1685.6,246.5,242.3,239.6,495.9,493.3,486.4,12684.0,12696.0,12735.5
Feb-2019,336.3,339.5,349.5,254.8,252.8,248.7,894.6,855.5,858.5,153.5,149.7,155.5,1162.9,1149.9,1149.4,392.4,387.3,381.4,1282.2,1278.2,1295.5,904.1,900.3,900.5,660.7,662.8,678.9,214.3,212.7,210.8,438.2,441.8,445.7,212.8,211.5,207.8,1108.0,1110.9,1124.8,431.7,423.8,436.8,850.8,864.7,866.9,1041.7,1031.9,1000.6,1686.8,1686.8,1697.2,248.8,249.2,253.7,508.6,525.3,530.4,12776.9,12752.0,12792.5
May-2019,331.8,332.7,338.1,249.7,248.8,244.4,888.9,908.0,913.3,156.5,157.2,160.9,1170.6,1178.4,1184.6,400.1,402.8,404.9,1284.5,1291.6,1289.6,912.5,911.6,920.9,663.3,658.0,651.5,211.0,197.0,201.4,436.7,432.9,434.7,212.0,212.8,213.0,1134.8,1132.9,1129.5,451.7,458.5,464.3,841.0,836.3,833.9,1062.5,1064.8,1071.1,1706.7,1673.3,1679.0,251.3,257.6,255.6,514.4,514.7,523.5,12868.0,12880.2,12914.2
Aug-2019,324.1,322.0,322.9,248.1,246.1,239.9,899.2,887.5,857.8,157.3,165.8,164.1,1184.8,1184.0,1171.1,398.9,406.3,413.5,1274.5,1277.8,1230.8,918.9,924.2,898.5,661.4,669.1,668.6,210.7,212.4,209.5,443.6,440.4,437.2,213.4,211.8,206.8,1152.6,1159.8,1152.0,457.3,467.9,472.1,833.2,820.6,801.0,1074.8,1089.5,1115.7,1737.7,1738.7,1744.0,252.0,247.1,240.9,512.0,510.3,505.8,12933.1,12939.9,12852.3
Nov-2019,324.8,323.2,323.4,248.1,259.7,257.3,911.0,923.6,921.5,155.6,152.7,155.4,1190.5,1192.0,1190.7,393.1,383.0,378.3,1257.8,1252.7,1271.2,922.7,920.5,923.4,657.9,653.3,659.0,210.8,210.7,207.4,456.4,461.3,457.9,215.9,217.7,214.6,1149.8,1145.8,1136.9,449.0,438.9,435.3,833.7,846.6,841.7,1078.9,1067.8,1088.3,1769.9,1774.3,1777.3,249.4,252.1,249.2,502.6,507.4,500.7,12967.0,12948.5,12989.3
Feb-2020,338.0,332.6,342.5,247.8,248.7,244.1,911.9,911.2,913.9,152.7,132.2,137.3,1185.4,1188.2,1185.7,388.4,392.2,386.0,1243.2,1242.2,1259.6,923.2,923.2,926.5,656.1,653.5,668.2,207.2,209.4,209.3,469.5,466.7,469.4,218.4,217.1,213.3,1129.5,1143.4,1160.2,438.3,438.1,449.9,841.7,833.4,835.3,1079.3,1129.6,1096.0,1787.6,1790.0,1801.8,245.6,245.2,249.4,492.2,489.7,494.8,12993.8,13005.1,13043.1
May-2020,354.3,359.3,363.8,248.2,236.1,233.5,900.5,864.7,867.8,152.9,165.9,169.9,1178.2,1174.6,1181.5,390.3,388.3,390.4,1241.3,1174.9,1174.4,928.6,646.2,651.5,656.0,574.9,570.3,201.0,181.2,185.0,477.3,480.2,481.7,218.4,218.8,218.6,1114.0,1097.4,1094.7,387.3,384.9,390.3,845.3,851.2,849.1,1084.6,1026.1,1033.6,1787.0,1722.0,1728.1,240.7,158.6,157.5,436.3,435.2,442.4,12564.0,12165.4,12184.2
Aug-2020,360.6,366.0,367.5,250.4,253.4,246.7,888.0,879.5,849.6,153.8,154.7,153.0,1171.3,1168.7,1154.2,393.8,394.6,402.1,1255.8,1245.0,1200.0,802.7,795.4,771.1,655.2,615.3,614.7,196.3,195.3,192.2,478.4,477.9,475.2,215.0,218.5,213.9,1122.9,1111.1,1100.4,395.3,396.8,401.1,846.6,888.8,866.7,1090.3,1088.4,1113.5,1780.1,1777.7,1782.8,236.7,210.5,205.3,447.9,444.6,440.3,12618.0,12628.8,12550.3
Nov-2020,352.6,349.9,351.0,257.0,275.2,271.6,885.4,841.9,842.9,152.5,154.8,157.3,1167.6,1173.2,1174.5,396.4,370.6,365.9,1279.0,1282.0,1298.7,820.2,824.1,827.9,650.7,650.6,656.0,193.9,193.3,189.6,474.7,478.1,475.7,210.7,207.4,204.2,1155.3,1168.3,1159.7,405.4,450.4,446.8,849.6,882.7,878.5,1090.9,1094.9,1114.0,1782.6,1751.5,1754.0,235.7,232.7,229.9,474.0,472.5,466.8,12795.5,12827.0,12865.1
Feb-2021,337.2,336.2,346.4,266.3,262.7,257.3,886.7,892.0,894.5,149.4,147.3,153.5,1161.6,1157.6,1154.1,396.7,392.8,385.8,1298.3,1307.5,1326.0,831.5,837.6,843.2,644.7,676.6,691.0,191.9,195.9,197.1,473.9,469.5,470.5,210.6,210.6,206.8,1188.5,1186.6,1206.5,412.2,385.4,395.1,858.8,862.7,863.2,1091.2,1087.6,1057.5,1803.0,1801.1,1814.0,235.7,239.3,243.4,503.3,508.0,513.2,12925.1,12981.3,13019.2
May-2021,324.9,310.8,313.4,275.1,280.5,279.3,884.4,919.6,920.0,146.9,147.6,150.9,1152.2,1159.9,1167.1,358.3,365.4,367.8,1303.3,1299.8,1300.0,832.8,884.5,889.7,640.9,644.2,640.7,189.0,174.9,178.2,482.6,478.8,480.4,217.5,209.2,208.7,1201.3,1213.6,1210.2,412.3,415.2,420.5,882.8,870.8,870.6,1094.2,1144.0,1153.7,1837.8,1838.2,1844.3,235.6,253.4,251.5,527.0,528.1,536.8,13005.9,13145.7,13184.0
Aug-2021,317.5,317.3,318.9,281.8,280.5,273.0,875.0,988.8,955.4,149.2,147.8,145.7,1146.7,1135.0,1119.5,357.1,349.3,356.3,1294.8,1254.8,1210.1,836.5,829.1,802.4,643.3,638.7,637.1,187.4,183.5,180.4,501.3,509.5,507.4,228.2,231.4,227.3,1204.5,1181.7,1168.4,408.8,405.7,410.6,907.1,914.1,891.2,1102.1,1101.6,1124.3,1872.0,1873.8,1878.7,233.4,205.5,200.4,540.9,538.6,532.8,13107.8,13022.4,12940.0
Nov-2021,310.0,326.9,328.6,287.2,284.6,279.7,861.9,862.6,866.0,156.0,134.9,137.3,1153.7,1154.1,1157.1,358.7,362.0,357.3,1287.7,1287.1,1302.5,853.5,850.6,855.8,655.6,654.3,660.1,189.1,190.6,186.5,524.9,518.4,516.2,235.1,234.7,230.8,1215.8,1210.3,1202.2,407.7,447.6,444.8,920.3,931.7,925.7,1113.3,1111.9,1131.1,1894.7,1901.2,1903.9,230.1,231.7,229.0,548.6,550.8,544.4,13236.5,13223.6,13258.8
Feb-2022,301.4,303.5,312.9,291.1,291.4,285.3,853.8,854.3,856.7,162.4,166.8,174.1,1177.3,1175.9,1171.9,364.2,330.0,323.3,1292.6,1285.9,1304.2,883.2,892.9,900.5,674.5,674.9,688.4,193.7,203.8,206.0,543.7,547.5,547.6,235.7,238.1,233.7,1238.7,1241.5,1262.6,414.0,412.0,422.3,915.8,901.5,902.7,1119.4,1147.6,1117.2,2020.2,2015.3,2030.9,228.3,225.7,229.6,551.7,515.2,520.9,13387.1,13446.3,13490.7
May-2022,294.6,289.9,291.3,291.6,304.1,304.3,856.1,845.8,843.7,165.5,166.1,169.9,1215.2,1190.4,1198.2,369.0,368.8,372.2,1308.2,1292.8,1293.1,915.2,908.3,912.1,692.2,695.9,693.7,196.6,197.9,201.5,552.8,555.3,557.4,231.0,226.1,225.4,1262.0,1263.0,1260.1,425.5,425.7,430.0,894.8,914.1,914.4,1122.5,1123.8,1134.3,2029.4,2029.8,2035.8,229.6,230.1,228.4,546.9,552.3,561.6,13543.8,13578.1,13627.3
Aug-2022,293.6,293.9,295.7,288.7,284.8,277.1,865.4,874.2,845.7,165.0,162.7,160.2,1257.1,1277.0,1258.1,367.0,374.0,381.6,1328.3,1371.2,1323.4,937.0,944.3,913.5,701.7,700.0,697.0,196.9,198.5,195.1,550.7,526.8,524.8,225.1,237.5,233.8,1268.4,1276.2,1260.6,435.1,436.8,442.2,876.5,871.9,850.1,1129.5,1119.4,1140.7,2046.9,2045.7,2050.5,234.2,233.6,227.5,536.4,536.0,529.5,13682.2,13697.5,13607.1
Nov-2022,297.1,298.3,300.3,286.0,284.0,277.9,873.3,875.4,879.8,163.7,165.1,167.7,1293.5,1294.5,1298.5,361.6,347.5,342.9,1345.0,1338.9,1354.1,946.6,950.0,956.2,702.1,727.8,734.7,196.3,191.2,186.7,541.4,562.6,560.2,221.2,219.2,215.2,1261.3,1259.0,1251.6,435.8,464.2,462.3,870.6,853.5,847.7,1144.1,1148.2,1167.1,2075.1,2068.9,2072.2,239.3,251.0,248.5,525.8,521.3,515.5,13787.4,13810.2,13839.3
Feb-2023,299.9,300.9,310.4,287.2,290.8,284.8,875.7,870.7,872.9,164.1,163.4,171.1,1318.4,1322.1,1318.3,356.2,355.7,347.8,1357.9,1359.3,1378.6,950.7,937.1,945.9,697.6,683.3,696.6,196.6,197.1,199.4,532.9,530.7,530.3,220.2,219.8,215.8,1256.3,1249.8,1270.1,428.1,415.3,425.8,876.3,888.7,889.3,1162.9,1164.8,1136.3,2104.8,2112.6,2129.1,242.8,242.7,247.0,520.7,523.1,528.8,13868.8,13850.8,13898.2